--
-- PostgreSQL database dump
--

-- Dumped from database version 11.2
-- Dumped by pg_dump version 11.2

SET statement_timeout = 0;
SET lock_timeout = 0;
SET idle_in_transaction_session_timeout = 0;
SET client_encoding = 'UTF8';
SET standard_conforming_strings = on;
SELECT pg_catalog.set_config('search_path', '', false);
SET check_function_bodies = false;
SET client_min_messages = warning;
SET row_security = off;

--
-- Name: citext; Type: EXTENSION; Schema: -; Owner: 
--

CREATE EXTENSION IF NOT EXISTS citext WITH SCHEMA public;


--
-- Name: EXTENSION citext; Type: COMMENT; Schema: -; Owner: 
--

COMMENT ON EXTENSION citext IS 'data type for case-insensitive character strings';


SET default_tablespace = '';

SET default_with_oids = false;

--
-- Name: ar_internal_metadata; Type: TABLE; Schema: public; Owner: thiagopontes
--

CREATE TABLE public.ar_internal_metadata (
    key character varying NOT NULL,
    value character varying,
    created_at timestamp without time zone NOT NULL,
    updated_at timestamp without time zone NOT NULL
);


ALTER TABLE public.ar_internal_metadata OWNER TO thiagopontes;

--
-- Name: carteiras; Type: TABLE; Schema: public; Owner: thiagopontes
--

CREATE TABLE public.carteiras (
    id integer NOT NULL,
    data_da_compra date,
    empresa_id integer,
    user_id integer,
    entrada numeric(11,5),
    alvo numeric(11,2),
    stop numeric(11,2),
    atual numeric(11,5),
    quantidade integer,
    situacao character varying,
    total_da_compra numeric(11,5),
    total_da_venda numeric(11,5),
    created_at timestamp without time zone NOT NULL,
    updated_at timestamp without time zone NOT NULL,
    data_da_venda date,
    corretora_id integer,
    tipo_de_operacao_id integer,
    observacao text
);


ALTER TABLE public.carteiras OWNER TO thiagopontes;

--
-- Name: carteiras_id_seq; Type: SEQUENCE; Schema: public; Owner: thiagopontes
--

CREATE SEQUENCE public.carteiras_id_seq
    START WITH 1
    INCREMENT BY 1
    NO MINVALUE
    NO MAXVALUE
    CACHE 1;


ALTER TABLE public.carteiras_id_seq OWNER TO thiagopontes;

--
-- Name: carteiras_id_seq; Type: SEQUENCE OWNED BY; Schema: public; Owner: thiagopontes
--

ALTER SEQUENCE public.carteiras_id_seq OWNED BY public.carteiras.id;


--
-- Name: corretoras; Type: TABLE; Schema: public; Owner: thiagopontes
--

CREATE TABLE public.corretoras (
    id integer NOT NULL,
    nome character varying,
    created_at timestamp without time zone NOT NULL,
    updated_at timestamp without time zone NOT NULL,
    simbolo character varying
);


ALTER TABLE public.corretoras OWNER TO thiagopontes;

--
-- Name: corretoras_id_seq; Type: SEQUENCE; Schema: public; Owner: thiagopontes
--

CREATE SEQUENCE public.corretoras_id_seq
    START WITH 1
    INCREMENT BY 1
    NO MINVALUE
    NO MAXVALUE
    CACHE 1;


ALTER TABLE public.corretoras_id_seq OWNER TO thiagopontes;

--
-- Name: corretoras_id_seq; Type: SEQUENCE OWNED BY; Schema: public; Owner: thiagopontes
--

ALTER SEQUENCE public.corretoras_id_seq OWNED BY public.corretoras.id;


--
-- Name: empresas; Type: TABLE; Schema: public; Owner: thiagopontes
--

CREATE TABLE public.empresas (
    id integer NOT NULL,
    nome character varying,
    ticker character varying,
    created_at timestamp without time zone NOT NULL,
    updated_at timestamp without time zone NOT NULL
);


ALTER TABLE public.empresas OWNER TO thiagopontes;

--
-- Name: empresas_id_seq; Type: SEQUENCE; Schema: public; Owner: thiagopontes
--

CREATE SEQUENCE public.empresas_id_seq
    START WITH 1
    INCREMENT BY 1
    NO MINVALUE
    NO MAXVALUE
    CACHE 1;


ALTER TABLE public.empresas_id_seq OWNER TO thiagopontes;

--
-- Name: empresas_id_seq; Type: SEQUENCE OWNED BY; Schema: public; Owner: thiagopontes
--

ALTER SEQUENCE public.empresas_id_seq OWNED BY public.empresas.id;


--
-- Name: papers; Type: TABLE; Schema: public; Owner: thiagopontes
--

CREATE TABLE public.papers (
    id integer NOT NULL,
    name character varying,
    code character varying,
    created_at timestamp without time zone NOT NULL,
    updated_at timestamp without time zone NOT NULL
);


ALTER TABLE public.papers OWNER TO thiagopontes;

--
-- Name: papers_id_seq; Type: SEQUENCE; Schema: public; Owner: thiagopontes
--

CREATE SEQUENCE public.papers_id_seq
    START WITH 1
    INCREMENT BY 1
    NO MINVALUE
    NO MAXVALUE
    CACHE 1;


ALTER TABLE public.papers_id_seq OWNER TO thiagopontes;

--
-- Name: papers_id_seq; Type: SEQUENCE OWNED BY; Schema: public; Owner: thiagopontes
--

ALTER SEQUENCE public.papers_id_seq OWNED BY public.papers.id;


--
-- Name: schema_migrations; Type: TABLE; Schema: public; Owner: thiagopontes
--

CREATE TABLE public.schema_migrations (
    version character varying NOT NULL
);


ALTER TABLE public.schema_migrations OWNER TO thiagopontes;

--
-- Name: tipo_de_operacoes; Type: TABLE; Schema: public; Owner: thiagopontes
--

CREATE TABLE public.tipo_de_operacoes (
    id integer NOT NULL,
    nome character varying,
    created_at timestamp without time zone NOT NULL,
    updated_at timestamp without time zone NOT NULL
);


ALTER TABLE public.tipo_de_operacoes OWNER TO thiagopontes;

--
-- Name: tipo_de_operacoes_id_seq; Type: SEQUENCE; Schema: public; Owner: thiagopontes
--

CREATE SEQUENCE public.tipo_de_operacoes_id_seq
    START WITH 1
    INCREMENT BY 1
    NO MINVALUE
    NO MAXVALUE
    CACHE 1;


ALTER TABLE public.tipo_de_operacoes_id_seq OWNER TO thiagopontes;

--
-- Name: tipo_de_operacoes_id_seq; Type: SEQUENCE OWNED BY; Schema: public; Owner: thiagopontes
--

ALTER SEQUENCE public.tipo_de_operacoes_id_seq OWNED BY public.tipo_de_operacoes.id;


--
-- Name: users; Type: TABLE; Schema: public; Owner: thiagopontes
--

CREATE TABLE public.users (
    id integer NOT NULL,
    email character varying DEFAULT ''::character varying NOT NULL,
    encrypted_password character varying DEFAULT ''::character varying NOT NULL,
    reset_password_token character varying,
    reset_password_sent_at timestamp without time zone,
    remember_created_at timestamp without time zone,
    sign_in_count integer DEFAULT 0 NOT NULL,
    current_sign_in_at timestamp without time zone,
    last_sign_in_at timestamp without time zone,
    current_sign_in_ip inet,
    last_sign_in_ip inet,
    confirmation_token character varying,
    confirmed_at timestamp without time zone,
    confirmation_sent_at timestamp without time zone,
    unconfirmed_email character varying,
    failed_attempts integer DEFAULT 0 NOT NULL,
    unlock_token character varying,
    locked_at timestamp without time zone,
    created_at timestamp without time zone NOT NULL,
    updated_at timestamp without time zone NOT NULL,
    filtro_da_carteira jsonb DEFAULT '"{}"'::jsonb NOT NULL
);


ALTER TABLE public.users OWNER TO thiagopontes;

--
-- Name: users_id_seq; Type: SEQUENCE; Schema: public; Owner: thiagopontes
--

CREATE SEQUENCE public.users_id_seq
    START WITH 1
    INCREMENT BY 1
    NO MINVALUE
    NO MAXVALUE
    CACHE 1;


ALTER TABLE public.users_id_seq OWNER TO thiagopontes;

--
-- Name: users_id_seq; Type: SEQUENCE OWNED BY; Schema: public; Owner: thiagopontes
--

ALTER SEQUENCE public.users_id_seq OWNED BY public.users.id;


--
-- Name: wallets; Type: TABLE; Schema: public; Owner: thiagopontes
--

CREATE TABLE public.wallets (
    id integer NOT NULL,
    paper_id integer,
    user_id integer,
    purchased_price numeric(8,2),
    quantity integer,
    purchased_at date,
    sold_at date,
    sold_price numeric(8,2),
    status character varying,
    created_at timestamp without time zone NOT NULL,
    updated_at timestamp without time zone NOT NULL
);


ALTER TABLE public.wallets OWNER TO thiagopontes;

--
-- Name: wallets_id_seq; Type: SEQUENCE; Schema: public; Owner: thiagopontes
--

CREATE SEQUENCE public.wallets_id_seq
    START WITH 1
    INCREMENT BY 1
    NO MINVALUE
    NO MAXVALUE
    CACHE 1;


ALTER TABLE public.wallets_id_seq OWNER TO thiagopontes;

--
-- Name: wallets_id_seq; Type: SEQUENCE OWNED BY; Schema: public; Owner: thiagopontes
--

ALTER SEQUENCE public.wallets_id_seq OWNED BY public.wallets.id;


--
-- Name: carteiras id; Type: DEFAULT; Schema: public; Owner: thiagopontes
--

ALTER TABLE ONLY public.carteiras ALTER COLUMN id SET DEFAULT nextval('public.carteiras_id_seq'::regclass);


--
-- Name: corretoras id; Type: DEFAULT; Schema: public; Owner: thiagopontes
--

ALTER TABLE ONLY public.corretoras ALTER COLUMN id SET DEFAULT nextval('public.corretoras_id_seq'::regclass);


--
-- Name: empresas id; Type: DEFAULT; Schema: public; Owner: thiagopontes
--

ALTER TABLE ONLY public.empresas ALTER COLUMN id SET DEFAULT nextval('public.empresas_id_seq'::regclass);


--
-- Name: papers id; Type: DEFAULT; Schema: public; Owner: thiagopontes
--

ALTER TABLE ONLY public.papers ALTER COLUMN id SET DEFAULT nextval('public.papers_id_seq'::regclass);


--
-- Name: tipo_de_operacoes id; Type: DEFAULT; Schema: public; Owner: thiagopontes
--

ALTER TABLE ONLY public.tipo_de_operacoes ALTER COLUMN id SET DEFAULT nextval('public.tipo_de_operacoes_id_seq'::regclass);


--
-- Name: users id; Type: DEFAULT; Schema: public; Owner: thiagopontes
--

ALTER TABLE ONLY public.users ALTER COLUMN id SET DEFAULT nextval('public.users_id_seq'::regclass);


--
-- Name: wallets id; Type: DEFAULT; Schema: public; Owner: thiagopontes
--

ALTER TABLE ONLY public.wallets ALTER COLUMN id SET DEFAULT nextval('public.wallets_id_seq'::regclass);


--
-- Data for Name: ar_internal_metadata; Type: TABLE DATA; Schema: public; Owner: thiagopontes
--

COPY public.ar_internal_metadata (key, value, created_at, updated_at) FROM stdin;
environment	development	2017-10-03 23:14:33.70932	2018-02-26 23:55:47.566181
\.


--
-- Data for Name: carteiras; Type: TABLE DATA; Schema: public; Owner: thiagopontes
--

COPY public.carteiras (id, data_da_compra, empresa_id, user_id, entrada, alvo, stop, atual, quantidade, situacao, total_da_compra, total_da_venda, created_at, updated_at, data_da_venda, corretora_id, tipo_de_operacao_id, observacao) FROM stdin;
1	2017-10-03	34	1	16.75000	\N	15.80	25.45000	500	encerrado	\N	\N	2017-10-03 23:46:26.176508	2018-05-14 00:42:28.939409	2018-03-14	1	1	\N
270	2018-08-28	20	1	29.98800	\N	\N	29.72000	500	encerrado	\N	\N	2018-08-28 23:17:31.842892	2018-08-28 23:17:31.842892	2018-08-28	1	1	\N
318	2018-10-02	56	1	16.93000	\N	\N	16.77400	2000	encerrado	\N	\N	2018-10-03 00:21:46.044566	2018-10-03 00:21:46.044566	2018-10-02	1	1	\N
354	2018-10-31	6	1	27.75000	\N	\N	27.62000	1000	encerrado	\N	\N	2018-11-20 15:32:06.9835	2018-11-20 15:32:06.9835	2018-10-31	1	1	\N
195	2018-02-06	24	1	80.20000	\N	\N	81.09000	100	encerrado	\N	\N	2018-05-17 23:25:01.815554	2018-05-17 23:25:01.815554	2018-02-06	1	2	\N
205	2018-05-24	6	1	20.25000	\N	\N	26.35000	500	encerrado	\N	\N	2018-06-05 23:09:57.847352	2018-11-25 13:55:29.258957	2018-11-07	1	1	\N
363	2018-11-07	57	1	58.00000	\N	\N	57.84100	1000	encerrado	\N	\N	2018-11-25 13:57:20.990294	2018-11-25 13:57:20.990294	2018-11-07	1	1	\N
226	2018-06-20	85	1	22.70900	\N	\N	23.00000	1000	encerrado	\N	\N	2018-06-20 00:26:18.486584	2018-06-20 00:26:18.486584	2018-06-20	1	1	\N
198	2018-05-22	15	1	34.29000	\N	\N	45.22000	1000	encerrado	\N	\N	2018-05-23 23:53:34.568361	2018-06-05 23:17:01.381791	2018-06-04	1	1	\N
365	2018-11-08	30	1	51.11200	\N	\N	51.07000	1000	encerrado	\N	\N	2018-11-25 14:04:50.049264	2018-11-25 14:04:50.049264	2018-11-08	1	1	\N
105	2018-03-19	48	1	26.77000	\N	\N	18.82000	400	em_andamento	\N	\N	2018-03-19 22:11:18.7104	2018-08-02 00:44:44.999164	\N	1	1	\N
382	2018-11-19	108	1	36.90000	\N	\N	36.69000	1000	encerrado	\N	\N	2018-12-08 16:31:37.42892	2019-01-03 00:02:23.086309	2018-11-19	1	1	\N
420	2019-01-11	109	1	4.43000	\N	\N	4.91000	1000	encerrado	\N	\N	2019-01-14 22:27:39.179469	2019-03-12 00:35:26.430961	2019-02-21	1	1	
409	2018-12-21	79	1	19.16000	\N	\N	19.07000	1000	encerrado	\N	\N	2019-01-02 23:26:28.803262	2019-01-03 00:03:36.747999	2018-12-21	1	1	\N
311	2018-09-25	34	1	25.10000	\N	\N	29.61000	1000	encerrado	\N	\N	2018-09-25 23:21:26.366067	2018-10-03 23:51:06.653133	2018-10-03	1	1	\N
417	2019-01-08	27	1	21.34000	\N	\N	21.34000	1000	encerrado	\N	\N	2019-01-14 22:23:21.014596	2019-01-14 22:23:21.014596	2019-01-09	1	1	\N
224	2018-06-15	20	1	33.01000	\N	\N	31.02000	400	encerrado	\N	\N	2018-06-15 00:17:30.619688	2018-06-20 23:21:36.968062	2018-06-20	1	1	\N
227	2018-06-20	34	1	23.11500	\N	\N	23.94000	600	encerrado	\N	\N	2018-06-20 00:27:09.185497	2018-06-20 23:23:41.262099	2018-06-20	1	1	\N
370	2018-11-09	57	1	56.84000	\N	\N	56.86800	2000	encerrado	\N	\N	2018-11-25 14:12:32.922546	2018-11-25 14:12:32.922546	2018-11-09	1	1	\N
374	2018-11-13	9	1	9.54000	\N	\N	9.67000	3000	encerrado	\N	\N	2018-12-08 15:58:22.199742	2018-12-08 15:58:22.199742	2018-11-13	1	1	\N
216	2018-06-07	30	1	40.55000	\N	\N	41.10000	500	encerrado	\N	\N	2018-06-07 23:18:04.651737	2018-06-07 23:18:22.695388	2018-06-07	1	1	\N
323	2018-10-08	57	1	56.87000	\N	\N	56.98000	1000	encerrado	\N	\N	2018-10-09 00:09:53.888723	2018-10-24 00:54:07.28802	2018-10-18	1	1	\N
196	2018-05-18	24	1	71.30000	\N	\N	92.78000	200	encerrado	\N	\N	2018-05-23 23:50:13.104344	2018-09-05 23:18:14.300479	2018-08-30	1	1	\N
209	2018-06-01	24	1	72.60000	\N	\N	92.78000	100	encerrado	\N	\N	2018-06-05 23:16:01.870979	2018-09-05 23:18:42.508532	2018-08-30	1	1	\N
278	2018-09-05	94	1	40.10000	\N	\N	39.81600	500	encerrado	\N	\N	2018-09-24 23:55:58.5176	2018-09-24 23:55:58.5176	2018-09-05	1	1	\N
271	2018-08-29	35	1	21.50000	\N	\N	21.20430	700	encerrado	\N	\N	2018-08-29 23:40:14.670934	2018-09-24 23:56:39.639457	2018-09-05	1	1	\N
288	2018-09-13	91	1	43.44000	\N	\N	42.22500	500	encerrado	\N	\N	2018-09-25 00:23:04.876121	2018-09-25 00:23:04.876121	2018-09-13	1	1	\N
217	2018-06-08	22	1	21.86200	\N	\N	22.05000	1000	encerrado	\N	\N	2018-06-12 23:33:37.577145	2018-06-12 23:36:32.199847	2018-06-11	1	2	\N
221	2018-06-12	48	1	18.08000	\N	\N	17.93830	600	encerrado	\N	\N	2018-06-12 23:38:44.561756	2018-06-12 23:38:44.561756	2018-06-12	1	1	\N
292	2018-09-17	41	1	6.90000	\N	\N	6.99000	1500	encerrado	\N	\N	2018-09-25 00:27:53.007849	2018-09-25 00:27:53.007849	2018-09-17	1	1	\N
294	2018-09-17	57	1	55.25000	\N	\N	54.92000	1000	encerrado	\N	\N	2018-09-25 00:29:21.832331	2018-09-25 00:29:21.832331	2018-09-17	1	1	\N
214	2018-06-06	2	1	16.34000	\N	\N	15.33000	1000	encerrado	\N	\N	2018-06-06 22:48:18.460988	2018-06-15 00:15:43.233093	2018-06-15	1	2	\N
304	2018-09-21	104	1	16.45000	\N	\N	16.53270	1500	encerrado	\N	\N	2018-09-25 00:43:13.581782	2018-09-25 00:43:13.581782	2018-09-21	1	1	\N
306	2018-09-24	41	1	7.22000	\N	\N	7.17000	1500	encerrado	\N	\N	2018-09-25 00:44:51.59963	2018-09-25 00:44:51.59963	2018-09-24	1	1	\N
386	2018-11-23	10	1	22.00000	\N	\N	22.08000	1000	encerrado	\N	\N	2018-12-08 16:37:40.436543	2018-12-08 16:37:40.436543	2018-11-23	1	1	\N
232	2018-07-18	97	1	14.01000	\N	\N	13.50100	1000	encerrado	\N	\N	2018-07-23 12:41:54.868517	2018-08-02 23:04:47.692883	2018-07-27	1	1	\N
233	2018-07-23	55	1	8.48500	\N	\N	7.95000	1000	encerrado	\N	\N	2018-07-26 00:24:38.815448	2018-08-02 23:06:36.6408	2018-07-31	1	1	\N
28	2017-07-17	50	1	3.95000	5.10	3.94	3.92000	3000	encerrado	\N	\N	2017-10-04 00:45:39.191657	2017-10-22 20:57:03.263623	2017-07-24	1	1	\N
157	2018-04-05	84	1	24.39000	\N	\N	23.28000	1000	encerrado	\N	\N	2018-04-19 01:05:12.852331	2018-04-19 01:06:42.120334	2018-04-06	1	1	\N
24	2017-07-24	49	1	40.84000	47.21	39.14	38.81000	400	encerrado	\N	\N	2017-10-04 00:40:05.142069	2017-10-22 20:59:04.856736	2017-07-26	1	1	\N
26	2017-07-19	16	1	66.45000	75.00	63.40	63.32000	300	encerrado	\N	\N	2017-10-04 00:43:07.237226	2017-10-22 20:59:45.110807	2017-07-26	1	1	\N
32	2017-07-03	53	1	33.18000	36.16	31.35	36.16000	500	encerrado	\N	\N	2017-10-04 00:53:23.194891	2017-10-22 21:00:26.851139	2017-07-28	1	1	\N
30	2017-07-12	52	1	9.07000	10.55	8.66	10.55000	1700	encerrado	\N	\N	2017-10-04 00:49:52.38234	2017-10-22 21:01:12.363596	2017-08-02	1	1	\N
27	2017-07-19	22	1	17.51000	19.45	16.66	19.45000	1000	encerrado	\N	\N	2017-10-04 00:43:49.720213	2017-10-22 21:05:52.99749	2017-08-15	1	1	\N
29	2017-07-14	51	1	13.84000	16.10	13.00	13.30000	1200	encerrado	\N	\N	2017-10-04 00:47:55.147915	2017-10-22 21:08:07.385424	2017-08-16	1	1	\N
22	2017-08-22	48	1	17.34000	18.70	15.97	18.70000	600	encerrado	\N	\N	2017-10-04 00:35:17.330734	2017-10-22 21:10:14.61322	2017-08-28	1	1	\N
19	2017-08-22	46	1	11.51000	13.21	11.23	11.23000	1500	encerrado	\N	\N	2017-10-04 00:29:58.985298	2017-10-22 21:12:08.074879	2017-08-31	1	1	\N
231	2018-06-29	96	1	45.56800	\N	\N	45.59000	1000	encerrado	\N	\N	2018-06-30 09:27:31.479314	2018-07-23 12:39:54.082973	2018-06-29	1	1	\N
246	2018-08-01	31	1	31.27800	\N	\N	29.92700	1000	encerrado	\N	\N	2018-08-02 23:08:59.820147	2018-08-20 22:58:03.032513	2018-08-10	1	1	\N
390	2018-11-28	41	1	12.56000	\N	\N	12.53000	3000	encerrado	\N	\N	2018-12-08 16:42:55.124797	2018-12-08 16:42:55.124797	2018-11-28	1	1	\N
396	2018-11-29	57	1	52.26000	\N	\N	51.76000	300	encerrado	\N	\N	2018-12-08 16:53:08.761551	2018-12-08 16:53:08.761551	2018-11-29	1	1	\N
442	2019-03-08	61	1	19.96000	\N	\N	20.04700	1000	encerrado	\N	\N	2019-04-01 23:29:00.907022	2019-07-29 23:39:18.804429	2019-07-22	1	1	
412	2018-12-26	9	1	9.03000	\N	\N	9.03000	3000	encerrado	\N	\N	2019-01-02 23:31:05.764181	2019-01-03 00:04:30.706204	2018-12-26	1	1	\N
312	2018-09-26	41	1	7.24000	\N	\N	7.15000	2000	encerrado	\N	\N	2018-10-03 00:12:24.385126	2018-10-03 00:12:24.385126	2018-09-26	1	1	\N
335	2018-10-19	23	1	19.00000	\N	\N	18.04100	1000	encerrado	\N	\N	2018-10-24 00:56:50.242246	2018-10-27 12:04:04.245796	2018-10-24	1	1	\N
343	2018-10-24	57	1	57.54000	\N	\N	57.50000	1000	encerrado	\N	\N	2018-10-27 12:04:58.015354	2018-10-27 12:04:58.015354	2018-10-24	1	2	\N
334	2018-10-19	11	1	18.20000	\N	\N	18.65500	1000	encerrado	\N	\N	2018-10-24 00:55:18.914565	2018-10-27 12:06:25.823467	2018-10-25	1	2	\N
424	2019-01-14	57	1	52.56000	\N	\N	52.65000	500	encerrado	\N	\N	2019-02-12 23:09:42.547238	2019-02-12 23:09:42.547238	2019-01-14	1	1	
102	2018-03-13	48	1	26.88000	\N	\N	18.82000	600	em_andamento	\N	\N	2018-03-13 21:45:38.559408	2018-08-02 00:44:44.98637	\N	1	1	\N
429	2019-02-14	57	1	45.60000	\N	\N	45.48000	1000	encerrado	\N	\N	2019-03-12 00:19:05.416553	2019-03-12 00:19:05.416553	2019-02-14	1	1	
433	2019-02-19	109	1	5.49000	\N	\N	4.91000	2000	encerrado	\N	\N	2019-03-12 00:23:25.898601	2019-03-12 00:35:42.646924	2019-02-21	1	1	
426	2019-01-23	99	1	35.82000	\N	\N	35.54900	1000	encerrado	\N	\N	2019-02-12 23:12:33.939379	2019-02-12 23:12:33.939379	2019-01-23	1	1	
88	2018-02-15	17	1	8.06000	\N	\N	10.14000	1000	encerrado	\N	\N	2018-02-15 22:34:09.001861	2019-02-12 23:19:36.424028	2019-01-31	2	1	
436	2018-11-19	48	1	17.62000	\N	\N	17.62000	400	encerrado	\N	\N	2019-03-12 00:29:40.657437	2019-03-12 00:29:40.657437	2019-02-20	1	1	
438	2019-02-26	31	1	44.45000	\N	\N	44.08000	500	encerrado	\N	\N	2019-03-12 00:40:07.597849	2019-03-12 00:40:07.597849	2019-02-26	1	1	
452	2019-03-15	114	1	31.50000	\N	\N	31.54000	2000	encerrado	\N	\N	2019-04-01 23:44:04.10457	2019-04-01 23:44:04.10457	2019-03-15	1	1	
447	2019-03-13	78	1	24.68000	\N	\N	24.51700	1000	encerrado	\N	\N	2019-04-01 23:38:14.978402	2019-06-12 00:50:56.313187	2019-06-04	1	1	
189	2018-05-11	6	1	26.15000	\N	\N	26.02000	2000	encerrado	\N	\N	2018-05-16 23:38:46.070235	2018-05-16 23:38:46.070235	2018-05-11	1	1	\N
192	2018-05-09	9	1	11.17000	\N	\N	10.67000	1400	encerrado	\N	\N	2018-05-17 00:10:00.142775	2018-05-17 00:11:22.108008	2018-05-15	1	1	\N
315	2018-09-27	18	1	28.44000	\N	\N	27.95500	1000	encerrado	\N	\N	2018-10-03 00:17:57.69232	2018-10-03 00:17:57.69232	2018-09-27	1	1	\N
197	2018-05-21	11	1	23.48000	\N	\N	22.31830	600	encerrado	\N	\N	2018-05-23 23:52:48.22051	2018-05-23 23:52:48.22051	2018-05-22	1	1	\N
263	2018-08-20	26	1	19.47000	\N	\N	21.65000	800	encerrado	\N	\N	2018-08-20 23:10:08.88259	2018-08-27 23:38:37.603568	2018-08-27	1	1	\N
206	2018-05-29	11	1	22.95000	\N	\N	22.57000	500	encerrado	\N	\N	2018-06-05 23:11:54.848461	2018-06-05 23:11:54.848461	2018-05-29	1	1	\N
259	2018-08-16	101	1	12.94330	\N	\N	13.10000	1500	encerrado	\N	\N	2018-08-20 23:05:59.878914	2018-08-20 23:05:59.878914	2018-08-16	1	1	\N
215	2018-06-06	10	1	13.32000	\N	\N	13.23500	1000	encerrado	\N	\N	2018-06-06 22:49:18.931426	2018-06-06 22:49:18.931426	2018-06-06	1	2	\N
228	2018-06-20	6	1	16.08000	\N	\N	16.45000	1000	encerrado	\N	\N	2018-06-20 23:22:22.781282	2018-06-20 23:22:22.781282	2018-06-20	1	1	\N
244	2018-07-27	17	1	6.23000	\N	\N	5.80000	2000	encerrado	\N	\N	2018-07-28 12:12:50.267147	2018-08-02 23:14:39.36104	2018-07-31	2	1	\N
212	2018-06-05	92	1	25.31000	\N	\N	23.62670	600	encerrado	\N	\N	2018-06-05 23:21:38.211446	2018-06-20 23:23:14.767649	2018-06-20	1	2	\N
211	2018-06-04	36	1	6.11000	\N	\N	7.64670	200	encerrado	\N	\N	2018-06-05 23:18:58.111786	2018-08-20 23:11:37.728026	2018-08-20	1	1	\N
234	2018-07-23	11	1	20.30000	\N	\N	18.71000	500	encerrado	\N	\N	2018-07-26 00:25:55.525959	2018-08-04 13:05:55.993997	2018-08-03	1	2	\N
325	2018-10-09	56	1	15.86000	\N	\N	17.12000	1500	encerrado	\N	\N	2018-10-09 23:19:20.885362	2019-12-04 01:08:23.903121	2019-11-25	2	1	
317	2018-09-28	53	1	30.47000	\N	\N	34.70000	500	encerrado	\N	\N	2018-10-03 00:20:23.857563	2018-10-09 00:08:13.051355	2018-10-08	1	1	\N
93	2018-02-22	77	1	3.82000	\N	\N	4.11800	3500	encerrado	\N	\N	2018-02-22 01:16:42.525789	2019-03-12 00:36:34.091161	2019-02-22	1	1	
342	2018-10-23	104	1	14.88000	\N	\N	16.01500	1000	encerrado	\N	\N	2018-10-27 12:02:30.345197	2018-11-25 13:57:59.172706	2018-11-07	1	1	\N
33	2017-06-27	23	1	15.58000	17.00	15.04	15.01000	1000	encerrado	\N	\N	2017-10-04 00:54:19.452749	2017-10-22 20:52:57.220336	2017-07-07	1	1	\N
35	2017-06-26	55	1	10.10000	11.00	9.60	11.00000	1500	encerrado	\N	\N	2017-10-04 00:57:28.841669	2017-10-22 20:55:32.746884	2017-07-11	1	1	\N
159	2018-04-06	56	1	16.27000	\N	\N	16.18000	1000	encerrado	\N	\N	2018-04-19 01:07:41.481569	2018-04-19 01:07:41.481569	2018-04-06	1	1	\N
160	2018-04-12	6	1	22.43000	\N	\N	22.31000	2000	encerrado	\N	\N	2018-04-26 00:00:30.458286	2018-04-26 00:00:30.458286	2018-04-12	1	1	\N
162	2018-04-13	57	1	42.44000	\N	\N	42.28000	1000	encerrado	\N	\N	2018-04-26 00:03:57.159793	2018-04-26 00:03:57.159793	2018-04-13	1	1	\N
78	2018-01-09	57	1	43.70000	\N	\N	43.59000	2000	encerrado	\N	\N	2018-01-15 23:39:03.260433	2018-01-15 23:39:03.260433	2018-01-09	1	1	\N
79	2018-01-10	6	1	17.02000	\N	\N	16.94000	3000	encerrado	\N	\N	2018-01-15 23:40:51.156425	2018-01-15 23:40:51.156425	2018-01-10	1	1	\N
69	2017-12-18	48	1	26.80000	\N	\N	27.32000	600	encerrado	\N	\N	2017-12-22 16:12:00.217906	2018-01-15 23:42:35.153933	2018-01-15	1	1	\N
6	2017-09-25	39	1	8.63000	9.99	8.87	8.71000	1000	encerrado	\N	\N	2017-10-03 23:55:14.819987	2017-11-06 22:44:13.838026	2017-11-03	1	1	\N
7	2017-10-03	32	1	16.22000	\N	16.81	16.68000	700	encerrado	\N	\N	2017-10-03 23:57:06.061906	2017-11-15 15:53:18.439725	2017-11-07	1	1	\N
2	2017-10-03	35	1	15.29000	\N	14.45	15.85000	800	encerrado	\N	\N	2017-10-03 23:49:03.087743	2017-11-15 15:53:55.129517	2017-11-07	1	1	\N
3	2017-10-03	36	1	6.07000	\N	5.63	6.75000	1000	encerrado	\N	\N	2017-10-03 23:49:43.494722	2017-11-15 15:54:20.28738	2017-11-07	1	1	\N
16	2017-08-24	33	1	15.91000	17.45	15.31	17.45000	1000	encerrado	\N	\N	2017-10-04 00:21:33.308262	2017-10-25 22:56:21.08476	2017-09-08	1	1	\N
12	2017-09-18	42	1	20.45000	24.08	19.19	19.50000	500	encerrado	\N	\N	2017-10-04 00:11:51.967802	2017-10-25 22:57:48.789808	2017-10-23	1	1	\N
9	2017-09-25	40	1	5.06000	6.08	5.21	5.67000	1500	encerrado	\N	\N	2017-10-04 00:04:57.961356	2017-11-15 15:55:18.198725	2017-11-07	1	1	\N
84	2018-01-31	74	1	13.17000	\N	\N	11.87000	1400	encerrado	\N	\N	2018-01-31 22:39:09.466288	2018-02-15 22:26:26.714523	2018-02-09	1	1	\N
82	2018-01-29	73	1	17.03000	\N	\N	15.22000	600	encerrado	\N	\N	2018-01-31 22:34:35.731579	2018-02-15 22:26:46.339761	2018-02-09	1	1	\N
17	2017-08-24	45	1	28.23000	35.97	27.12	28.55000	600	encerrado	\N	\N	2017-10-04 00:25:35.175915	2017-11-19 14:14:43.743727	2017-11-14	1	1	\N
5	2017-10-02	38	1	41.06000	60.20	38.04	52.00000	300	encerrado	\N	\N	2017-10-03 23:52:45.506126	2017-12-22 16:02:05.732933	2017-12-12	1	1	\N
64	2017-12-06	66	1	24.03000	\N	\N	22.29000	700	encerrado	\N	\N	2017-12-07 22:59:44.184506	2017-12-22 16:02:36.328681	2017-12-12	1	1	\N
74	2018-01-02	40	1	5.57000	\N	\N	5.21000	1800	encerrado	\N	\N	2018-01-06 12:37:15.370296	2018-02-15 22:27:05.133168	2018-02-09	1	1	\N
65	2017-12-13	38	1	51.98000	\N	\N	49.70000	300	encerrado	\N	\N	2017-12-22 16:03:55.889161	2017-12-22 16:11:09.353632	2017-12-18	1	1	\N
86	2018-02-15	76	1	34.14000	\N	\N	30.87000	700	encerrado	\N	\N	2018-02-15 22:30:10.103142	2018-04-19 00:52:53.365883	2018-04-04	1	1	\N
95	2018-02-23	78	1	22.19000	\N	\N	21.66000	700	encerrado	\N	\N	2018-02-24 12:07:29.622528	2018-04-19 00:53:30.205396	2018-04-04	1	1	\N
60	2017-10-26	39	1	7.88000	\N	\N	8.27000	258	encerrado	\N	\N	2017-12-07 22:35:52.574322	2017-12-28 00:20:47.781198	2017-12-14	1	1	\N
8	2017-10-03	33	1	20.88000	\N	19.50	19.50000	500	encerrado	\N	\N	2017-10-03 23:57:57.628383	2017-11-06 22:32:31.196979	2017-10-26	1	1	\N
25	2017-07-19	30	1	37.39000	45.00	42.71	42.70000	500	encerrado	\N	\N	2017-10-04 00:41:30.149684	2017-11-06 22:40:28.392227	2017-10-30	1	1	\N
4	2017-10-02	37	1	9.03000	11.29	8.31	8.26000	1200	encerrado	\N	\N	2017-10-03 23:51:53.765418	2017-11-06 22:43:12.273713	2017-10-31	1	1	\N
11	2017-09-13	43	1	15.19000	16.80	14.58	14.13000	800	encerrado	\N	\N	2017-10-04 00:09:31.295474	2017-10-22 21:14:46.050481	2017-09-15	1	1	\N
14	2017-09-05	1	1	28.39000	31.75	28.29	28.19000	500	encerrado	\N	\N	2017-10-04 00:18:36.991621	2017-10-22 21:15:38.081441	2017-09-22	1	1	\N
313	2018-09-26	41	1	7.22000	\N	\N	8.52000	2000	encerrado	\N	\N	2018-10-03 00:12:55.849023	2018-10-06 15:46:44.511004	2018-10-05	1	1	\N
336	2018-10-22	56	1	15.55000	\N	\N	16.39000	1000	encerrado	\N	\N	2018-10-24 00:58:13.57717	2018-11-25 14:02:20.906501	2018-11-08	1	1	\N
250	2018-07-30	22	1	23.68000	\N	\N	23.11000	1000	em_andamento	\N	\N	2018-08-02 23:13:58.214133	2018-08-02 23:13:58.214133	\N	2	1	\N
272	2018-08-29	98	1	49.30000	\N	\N	53.80000	300	encerrado	\N	\N	2018-08-29 23:41:17.095991	2018-09-24 23:57:08.204266	2018-09-05	1	2	\N
279	2018-09-05	103	1	39.57000	\N	\N	40.27670	300	encerrado	\N	\N	2018-09-25 00:03:10.082325	2018-09-25 00:04:12.193722	2018-09-06	1	2	\N
286	2018-09-13	57	1	54.04000	\N	\N	53.89000	1000	encerrado	\N	\N	2018-09-25 00:21:13.31213	2018-09-25 00:21:13.31213	2018-09-13	1	1	\N
314	2018-09-26	57	1	61.84000	\N	\N	60.89000	300	encerrado	\N	\N	2018-10-03 00:15:02.453732	2018-10-03 00:15:02.453732	2018-09-26	1	2	\N
339	2018-10-23	79	1	17.60000	\N	\N	17.42400	1000	encerrado	\N	\N	2018-10-27 11:53:35.829388	2018-10-27 11:53:35.829388	2018-10-23	1	1	\N
248	2018-08-02	6	1	20.11000	\N	\N	26.35000	600	encerrado	\N	\N	2018-08-02 23:10:27.110536	2018-11-25 13:56:26.949715	2018-11-07	1	1	\N
71	2017-12-21	68	1	35.80000	\N	\N	36.75000	400	encerrado	\N	\N	2017-12-22 16:15:56.408428	2018-05-10 01:24:04.216566	2018-02-26	2	1	\N
85	2018-02-01	75	1	159.00000	\N	\N	140.00000	100	encerrado	\N	\N	2018-02-04 16:04:16.543466	2018-05-10 01:33:13.237265	2018-04-04	2	1	\N
218	2018-06-08	6	1	15.98000	\N	\N	26.35000	500	encerrado	\N	\N	2018-06-12 23:34:13.172065	2018-11-25 13:55:42.895545	2018-11-07	1	1	\N
255	2018-08-03	99	1	24.26000	\N	\N	30.84200	500	encerrado	\N	\N	2018-08-20 22:55:50.994962	2018-11-25 13:58:58.23528	2018-11-07	1	1	\N
337	2018-10-22	56	1	15.55000	\N	\N	16.39000	1000	encerrado	\N	\N	2018-10-24 00:58:39.657346	2018-11-25 14:02:34.174494	2018-11-08	1	1	\N
364	2018-11-08	10	1	19.79000	\N	\N	19.95000	2000	encerrado	\N	\N	2018-11-25 14:03:28.967827	2018-11-25 14:03:28.967827	2018-11-08	1	1	\N
367	2018-11-08	9	1	9.83000	\N	\N	10.00000	2000	encerrado	\N	\N	2018-11-25 14:07:24.289074	2018-11-25 14:07:24.289074	2018-11-08	1	1	\N
340	2018-10-23	9	1	10.19000	\N	\N	9.61000	3000	encerrado	\N	\N	2018-10-27 11:54:21.627337	2018-11-25 14:10:08.645606	2018-11-09	1	1	\N
376	2018-11-14	56	1	14.99000	\N	\N	15.06750	2000	encerrado	\N	\N	2018-12-08 16:02:27.817451	2018-12-08 16:02:27.817451	2018-11-14	1	1	\N
97	2018-02-27	28	1	6.28000	\N	\N	10.02000	2000	encerrado	\N	\N	2018-02-27 23:23:22.039061	2019-06-11 00:22:58.093134	2019-05-31	2	1	
187	2018-05-10	47	1	19.20000	\N	\N	17.88000	800	encerrado	\N	\N	2018-05-13 22:04:25.573594	2018-05-16 23:39:12.634048	2018-05-14	1	1	\N
190	2018-05-14	6	1	26.15170	\N	\N	25.97000	6000	encerrado	\N	\N	2018-05-16 23:40:43.975769	2018-05-16 23:40:43.975769	2018-05-14	1	1	\N
193	2018-05-15	88	1	16.74000	\N	\N	14.86000	800	encerrado	\N	\N	2018-05-17 00:13:29.136475	2018-06-07 23:17:27.001356	2018-06-07	1	2	\N
236	2018-07-24	98	1	40.96000	\N	\N	41.50000	300	encerrado	\N	\N	2018-07-26 00:31:12.307302	2018-07-26 00:31:12.307302	2018-07-24	1	2	\N
207	2018-05-30	91	1	43.38000	\N	\N	42.22500	300	encerrado	\N	\N	2018-06-05 23:14:31.417225	2018-09-25 00:23:31.442301	2018-09-14	1	1	\N
200	2018-05-22	24	1	72.39000	\N	\N	92.78000	100	encerrado	\N	\N	2018-05-23 23:54:38.993255	2018-09-05 23:18:27.192319	2018-08-30	1	1	\N
290	2018-09-16	99	1	22.78000	\N	\N	23.38000	1000	encerrado	\N	\N	2018-09-25 00:25:29.072247	2018-09-25 00:25:29.072247	2018-09-16	1	1	\N
273	2018-08-29	98	1	49.00000	\N	\N	51.09000	300	encerrado	\N	\N	2018-08-29 23:41:42.166201	2018-09-05 23:27:58.481012	2018-09-04	1	2	\N
170	2018-04-12	79	1	18.35000	\N	\N	18.11750	1200	encerrado	\N	\N	2018-05-10 00:10:41.67176	2018-05-23 23:49:03.311387	2018-05-17	1	1	\N
201	2018-05-22	57	1	51.12000	\N	\N	51.12600	1000	encerrado	\N	\N	2018-05-23 23:55:28.511274	2018-05-23 23:55:28.511274	2018-05-22	1	2	\N
182	2018-04-11	14	1	44.73000	\N	\N	54.00000	500	encerrado	\N	\N	2018-05-10 01:35:29.552531	2018-05-23 23:58:27.056768	2018-05-14	2	1	\N
280	2018-09-12	6	1	18.89000	\N	\N	19.07000	500	encerrado	\N	\N	2018-09-25 00:08:33.160895	2018-09-25 00:08:33.160895	2018-09-12	1	1	\N
202	2018-03-13	89	1	26.99000	\N	\N	25.76000	600	encerrado	\N	\N	2018-05-24 00:05:39.154398	2018-05-24 00:05:39.154398	2018-05-28	1	1	\N
222	2018-06-13	44	1	15.37330	\N	\N	15.18270	1500	encerrado	\N	\N	2018-06-13 23:16:46.505016	2018-06-13 23:16:46.505016	2018-06-13	1	2	\N
295	2018-09-17	104	1	14.65000	\N	\N	15.09000	1000	encerrado	\N	\N	2018-09-25 00:31:05.206514	2018-09-25 00:31:05.206514	2018-09-17	1	2	\N
268	2018-08-22	91	1	43.38000	\N	\N	44.74000	300	encerrado	\N	\N	2018-08-27 23:36:21.577442	2018-08-27 23:36:21.577442	2018-08-22	1	1	\N
185	2018-04-19	28	1	6.15000	\N	\N	10.02000	1500	encerrado	\N	\N	2018-05-10 01:38:19.525565	2019-06-11 00:23:13.589901	2019-05-31	2	1	
166	2018-04-11	62	1	43.47000	\N	\N	47.84170	400	encerrado	\N	\N	2018-05-10 00:02:27.029934	2018-06-22 09:52:41.531183	2018-06-21	1	1	\N
150	2018-03-21	73	1	14.94000	\N	\N	14.82000	2000	encerrado	\N	\N	2018-04-17 22:03:49.156137	2018-04-17 22:03:49.156137	2018-03-21	1	1	\N
229	2018-06-21	94	1	44.10000	\N	\N	43.53000	300	encerrado	\N	\N	2018-06-22 09:56:05.633218	2018-06-22 09:56:18.373812	2018-06-21	1	2	\N
151	2018-03-22	56	1	15.78000	\N	\N	15.36000	2000	encerrado	\N	\N	2018-04-17 22:05:29.937444	2018-04-17 22:05:29.937444	2018-03-22	1	1	\N
152	2018-03-27	82	1	18.84000	\N	\N	18.64000	1000	encerrado	\N	\N	2018-04-17 22:08:52.580086	2018-04-17 22:08:52.580086	2018-03-27	1	1	\N
99	2018-03-01	79	1	17.43000	\N	\N	18.28000	3000	encerrado	\N	\N	2018-03-06 00:23:57.809558	2018-04-17 22:09:27.022319	2018-03-27	1	1	\N
154	2018-03-29	57	1	42.23000	\N	\N	42.52000	500	encerrado	\N	\N	2018-04-17 22:14:11.455737	2018-04-17 22:14:11.455737	2018-03-29	1	1	\N
155	2018-04-03	57	1	43.40000	\N	\N	42.53000	700	encerrado	\N	\N	2018-04-19 00:51:32.044732	2018-04-19 00:51:32.044732	2018-04-03	1	1	\N
156	2018-04-04	56	1	15.35000	\N	\N	15.37000	2000	encerrado	\N	\N	2018-04-19 00:55:02.31032	2018-04-19 00:55:02.31032	2018-04-04	1	1	\N
158	2018-04-05	56	1	15.89000	\N	\N	15.91000	1500	encerrado	\N	\N	2018-04-19 01:05:58.649879	2018-04-19 01:05:58.649879	2018-04-05	1	1	\N
179	2018-05-08	56	1	16.21000	\N	\N	17.30000	1000	encerrado	\N	\N	2018-05-10 00:59:44.14259	2018-05-10 00:59:44.14259	2018-05-09	1	2	\N
73	2017-12-27	17	1	7.23000	\N	\N	7.25000	2000	encerrado	\N	\N	2017-12-27 23:38:03.436433	2018-05-10 01:25:15.451265	2018-04-03	2	1	\N
72	2017-12-21	69	1	6.60000	\N	\N	8.03000	2000	encerrado	\N	\N	2017-12-22 16:16:24.069898	2018-05-10 01:31:41.990744	2018-04-04	2	1	\N
237	2018-07-25	99	1	25.53100	\N	\N	25.80000	1000	encerrado	\N	\N	2018-07-28 12:05:18.480364	2018-07-28 12:05:18.480364	2018-07-25	1	1	\N
181	2018-04-11	6	1	21.48000	\N	\N	24.69000	1200	encerrado	\N	\N	2018-05-10 01:34:42.484208	2018-05-10 01:40:28.869422	2018-05-09	2	1	\N
241	2018-07-25	57	1	51.27000	\N	\N	50.85500	2000	encerrado	\N	\N	2018-07-28 12:08:22.292066	2018-07-28 12:08:22.292066	2018-07-25	1	1	\N
249	2018-08-02	80	1	2.69000	\N	\N	6.15000	4000	encerrado	\N	\N	2018-08-02 23:10:55.604446	2019-07-16 00:10:18.121455	2019-07-02	1	1	
316	2018-09-28	76	1	36.99700	\N	\N	36.86300	1000	encerrado	\N	\N	2018-10-03 00:19:28.933471	2018-10-03 00:19:28.933471	2018-09-28	1	1	\N
230	2018-06-21	95	1	33.34000	\N	\N	34.31000	300	encerrado	\N	\N	2018-06-22 09:57:25.443405	2018-06-30 09:24:23.462185	2018-06-25	1	2	\N
282	2018-09-12	104	1	13.39000	\N	\N	12.93000	1000	encerrado	\N	\N	2018-09-25 00:16:07.794374	2018-09-25 00:16:07.794374	2018-09-12	1	2	\N
326	2018-10-10	83	1	14.19400	\N	\N	13.94000	1000	encerrado	\N	\N	2018-10-24 00:36:44.488579	2018-10-24 00:36:44.488579	2018-10-10	1	1	\N
90	2018-02-19	56	1	16.28000	\N	\N	15.26000	1000	encerrado	\N	\N	2018-02-19 23:53:16.586143	2018-05-13 22:29:25.40279	2018-04-04	2	1	\N
180	2018-03-21	56	1	16.00000	\N	\N	15.26000	400	encerrado	\N	\N	2018-05-10 01:30:41.576801	2018-05-13 22:31:23.756874	2018-04-04	2	1	\N
183	2018-04-11	56	1	16.20000	\N	\N	16.33000	1500	encerrado	\N	\N	2018-05-10 01:36:38.876262	2018-05-13 22:33:15.868665	2018-05-02	2	1	\N
188	2018-03-21	56	1	15.90000	\N	\N	16.33000	200	encerrado	\N	\N	2018-05-13 22:32:16.855955	2018-05-13 22:33:35.839852	2018-05-02	2	1	\N
262	2018-08-20	57	1	51.25000	\N	\N	56.01000	500	encerrado	\N	\N	2018-08-20 23:09:08.187475	2018-08-28 23:19:45.407352	2018-08-28	1	1	\N
186	2018-05-08	7	1	35.76000	\N	\N	35.62000	600	encerrado	\N	\N	2018-05-10 01:40:00.303929	2018-05-13 22:37:50.565911	2018-05-11	2	1	\N
261	2018-08-20	57	1	51.22000	\N	\N	56.01000	500	encerrado	\N	\N	2018-08-20 23:08:44.832336	2018-08-28 23:19:56.711268	2018-08-28	1	1	\N
256	2018-08-13	100	1	10.01000	\N	\N	9.96000	1000	encerrado	\N	\N	2018-08-20 23:01:14.033381	2018-08-20 23:01:14.033381	2018-08-13	1	1	\N
235	2018-07-23	6	1	19.35000	\N	\N	26.35000	1000	encerrado	\N	\N	2018-07-26 00:26:28.802057	2018-11-25 13:55:55.479081	2018-11-07	1	1	\N
70	2017-12-21	27	1	28.00000	\N	\N	26.10000	800	encerrado	\N	\N	2017-12-22 16:13:44.111106	2018-05-13 22:46:09.67462	2018-04-04	1	1	\N
219	2018-06-08	36	1	6.10000	\N	\N	7.64670	1300	encerrado	\N	\N	2018-06-12 23:34:53.98393	2018-08-20 23:12:02.82053	2018-08-20	1	1	\N
284	2018-09-13	6	1	18.88000	\N	\N	18.80000	1000	encerrado	\N	\N	2018-09-25 00:19:21.983036	2018-09-25 00:19:21.983036	2018-09-13	1	1	\N
299	2018-09-19	9	1	8.03000	\N	\N	8.34000	3000	encerrado	\N	\N	2018-09-25 00:38:46.576357	2018-09-25 00:38:46.576357	2018-09-19	1	1	\N
184	2018-04-16	17	1	8.25000	\N	\N	10.14000	1500	encerrado	\N	\N	2018-05-10 01:37:28.065942	2019-02-12 23:19:52.147583	2019-01-31	2	1	
302	2018-09-21	41	1	7.24000	\N	\N	7.41000	1000	encerrado	\N	\N	2018-09-25 00:41:41.877115	2018-09-25 00:41:41.877115	2018-09-21	1	1	\N
309	2018-09-24	9	1	8.56000	\N	\N	8.50000	3000	encerrado	\N	\N	2018-09-25 00:47:13.104532	2018-09-25 00:47:13.104532	2018-09-24	1	1	\N
310	2018-09-25	9	1	8.32000	\N	\N	8.47000	3000	encerrado	\N	\N	2018-09-25 23:20:17.639003	2018-09-25 23:20:32.485048	2018-09-25	1	1	\N
328	2018-10-16	96	1	37.48000	\N	\N	37.85800	1000	encerrado	\N	\N	2018-10-24 00:39:42.12994	2018-10-24 00:39:42.12994	2018-10-16	1	2	\N
210	2018-06-04	7	1	31.29000	\N	\N	41.24000	400	encerrado	\N	\N	2018-06-05 23:18:15.800382	2018-11-25 13:54:38.858755	2018-11-07	1	1	\N
169	2018-04-12	2	1	19.76000	\N	\N	19.78000	1100	encerrado	\N	\N	2018-05-10 00:09:20.256829	2018-05-10 00:09:20.256829	2018-04-12	1	1	\N
172	2018-04-16	36	1	9.15000	\N	\N	9.24000	1400	encerrado	\N	\N	2018-05-10 00:13:53.860349	2018-05-10 00:24:29.512594	2018-04-18	1	1	\N
174	2018-04-19	14	1	48.07000	\N	\N	47.54000	2000	encerrado	\N	\N	2018-05-10 00:27:56.119912	2018-05-10 00:27:56.119912	2018-04-19	1	1	\N
175	2018-04-25	56	1	16.84000	\N	\N	16.68000	1500	encerrado	\N	\N	2018-05-10 00:33:10.034007	2018-05-10 00:33:10.034007	2018-04-25	1	1	\N
153	2018-03-29	83	1	11.17000	\N	\N	12.54000	1000	encerrado	\N	\N	2018-04-17 22:12:54.787809	2018-05-10 00:33:59.710244	2018-04-25	1	1	\N
165	2018-04-10	85	1	29.24000	\N	\N	28.07000	500	encerrado	\N	\N	2018-05-10 00:00:37.933774	2018-05-10 00:38:57.994413	2018-04-27	1	1	\N
178	2018-05-02	30	1	49.20000	\N	\N	49.00000	500	encerrado	\N	\N	2018-05-10 00:40:31.625115	2018-05-10 00:40:31.625115	2018-05-02	1	1	\N
177	2018-04-27	87	1	4.67000	\N	\N	4.25000	2200	encerrado	\N	\N	2018-05-10 00:38:19.652381	2018-05-10 00:41:14.342372	2018-05-03	1	1	\N
260	2018-08-16	52	1	13.83530	\N	\N	13.83470	1500	encerrado	\N	\N	2018-08-20 23:07:11.843921	2018-08-27 23:47:23.176201	2018-08-16	1	2	\N
251	2018-08-01	17	1	6.00000	\N	\N	10.14000	2000	encerrado	\N	\N	2018-08-02 23:15:30.815261	2019-02-12 23:20:10.637947	2019-01-31	2	1	
204	2018-03-28	30	1	33.57330	\N	\N	37.50000	450	encerrado	\N	\N	2018-05-24 00:08:52.712143	2019-03-12 00:31:26.522338	2019-02-21	1	1	Preço original da compra foi de R$ 50.36. Quantidade original foi de 300. Papel foi desmembrado em 1 (uma) nova ação para cada 2 (duas) ações da mesma espécie
167	2018-04-11	30	1	34.05330	\N	\N	37.50000	300	encerrado	\N	\N	2018-05-10 00:04:00.521206	2019-03-12 00:31:49.22004	2019-02-21	1	1	Preço original da compra foi de R$ 51.08. Quantidade original foi de 200. Papel foi desmembrado em 1 (uma) nova ação para cada 2 (duas) ações da mesma espécie
419	2019-01-09	11	1	21.41900	\N	\N	21.29950	2000	encerrado	\N	\N	2019-01-14 22:25:38.418064	2019-01-14 22:25:38.418064	2019-01-09	1	1	\N
327	2018-10-10	83	1	13.87000	\N	\N	13.53500	1000	encerrado	\N	\N	2018-10-24 00:37:22.827927	2018-10-24 00:37:22.827927	2018-10-10	1	2	\N
274	2018-08-06	102	1	45.05000	\N	\N	42.93000	300	encerrado	\N	\N	2018-08-30 00:01:28.293448	2018-09-24 23:42:25.16431	2018-09-03	2	1	\N
281	2018-09-12	34	1	27.11000	\N	\N	27.33000	500	encerrado	\N	\N	2018-09-25 00:14:01.302909	2018-09-25 00:14:01.302909	2018-09-12	1	1	\N
291	2018-09-17	105	1	30.54000	\N	\N	30.36100	1000	encerrado	\N	\N	2018-09-25 00:26:44.558343	2018-09-25 00:26:44.558343	2018-09-17	1	1	\N
296	2018-09-18	56	1	15.89000	\N	\N	16.19000	1500	encerrado	\N	\N	2018-09-25 00:33:58.253634	2018-09-25 00:33:58.253634	2018-09-18	1	1	\N
298	2018-09-19	41	1	7.25000	\N	\N	7.17000	200	encerrado	\N	\N	2018-09-25 00:37:47.712661	2018-09-25 00:37:47.712661	2018-09-19	1	1	\N
257	2018-08-13	6	1	19.60000	\N	\N	19.65000	1000	encerrado	\N	\N	2018-08-20 23:02:27.40652	2018-08-20 23:02:27.40652	2018-08-13	1	1	\N
300	2018-09-21	7	1	29.62000	\N	\N	30.22000	1000	encerrado	\N	\N	2018-09-25 00:40:02.310482	2018-09-25 00:40:02.310482	2018-09-21	1	1	\N
305	2018-09-24	7	1	30.58000	\N	\N	30.21000	1000	encerrado	\N	\N	2018-09-25 00:44:03.493271	2018-09-25 00:44:03.493271	2018-09-24	1	1	\N
307	2018-09-24	6	1	20.12000	\N	\N	19.98000	1000	encerrado	\N	\N	2018-09-25 00:45:36.567535	2018-09-25 00:45:36.567535	2018-09-24	1	2	\N
331	2018-10-17	94	1	53.50000	\N	\N	52.92800	500	encerrado	\N	\N	2018-10-24 00:44:05.9825	2018-10-24 00:44:05.9825	2018-10-17	1	1	\N
341	2018-10-23	57	1	56.86000	\N	\N	56.56000	1000	encerrado	\N	\N	2018-10-27 12:01:48.14881	2018-10-27 12:01:48.14881	2018-10-23	1	1	\N
264	2018-08-20	81	1	77.30000	\N	\N	79.25000	200	encerrado	\N	\N	2018-08-20 23:10:50.600309	2018-08-27 23:38:08.439618	2018-08-27	1	2	\N
345	2018-10-25	56	1	15.33000	\N	\N	15.38600	5000	encerrado	\N	\N	2018-10-27 12:07:28.200736	2018-10-27 12:07:28.200736	2018-10-25	1	1	\N
346	2018-10-26	56	1	15.43000	\N	\N	15.60000	5000	encerrado	\N	\N	2018-10-27 12:11:03.542387	2018-10-27 12:11:03.542387	2018-10-26	1	1	\N
348	2018-10-29	41	1	11.44000	\N	\N	11.57000	2000	encerrado	\N	\N	2018-11-20 15:17:18.535524	2018-11-20 15:17:18.535524	2018-10-29	1	1	\N
350	2018-10-29	30	1	49.15000	\N	\N	49.15700	1000	encerrado	\N	\N	2018-11-20 15:20:29.914759	2018-11-20 15:20:29.914759	2018-10-29	1	1	\N
356	2018-10-31	104	1	17.11000	\N	\N	16.93000	1000	encerrado	\N	\N	2018-11-20 15:34:13.992756	2018-11-20 15:34:13.992756	2018-10-31	1	1	\N
357	2018-11-01	7	1	43.14700	\N	\N	43.15000	1000	encerrado	\N	\N	2018-11-25 13:34:47.111786	2018-11-25 13:34:47.111786	2018-11-01	1	1	\N
359	2018-11-01	6	1	27.87000	\N	\N	27.44000	2000	encerrado	\N	\N	2018-11-25 13:36:41.401294	2018-11-25 13:36:55.862736	2018-11-01	1	1	\N
238	2018-07-25	99	1	25.53100	\N	\N	30.84200	1000	encerrado	\N	\N	2018-07-28 12:05:47.173307	2018-11-25 13:58:42.582519	2018-11-08	1	1	\N
239	2018-07-25	94	1	47.20000	\N	\N	55.75630	500	encerrado	\N	\N	2018-07-28 12:06:29.285304	2018-11-25 14:00:52.105731	2018-11-08	1	1	\N
267	2018-08-22	41	1	7.68000	\N	\N	13.94000	2000	em_andamento	\N	\N	2018-08-27 23:35:29.488323	2018-08-27 23:35:29.488323	\N	1	1	\N
366	2018-11-08	63	1	151.75000	\N	\N	149.63250	400	encerrado	\N	\N	2018-11-25 14:06:22.369247	2018-11-25 14:06:22.369247	2018-11-08	1	1	\N
371	2018-11-12	99	1	32.27000	\N	\N	32.12750	1200	encerrado	\N	\N	2018-12-08 15:54:27.088152	2018-12-08 16:01:20.88922	2018-11-14	1	1	\N
380	2018-11-16	10	1	20.28000	\N	\N	21.90000	2000	encerrado	\N	\N	2018-12-08 16:21:46.465003	2018-12-08 16:36:27.171703	2018-11-22	1	1	\N
387	2018-11-23	57	1	50.82530	\N	\N	50.68300	4000	encerrado	\N	\N	2018-12-08 16:38:52.296431	2018-12-08 16:38:52.296431	2018-11-23	1	1	\N
389	2018-11-27	73	1	15.03000	\N	\N	14.79000	1000	encerrado	\N	\N	2018-12-08 16:41:36.463385	2018-12-08 16:41:36.463385	2018-11-27	1	1	\N
393	2018-11-28	63	1	171.28000	\N	\N	170.43670	300	encerrado	\N	\N	2018-12-08 16:49:37.427805	2018-12-08 16:49:37.427805	2018-11-28	1	1	\N
394	2018-11-29	2	1	9.24000	\N	\N	9.10000	2000	encerrado	\N	\N	2018-12-08 16:50:32.958316	2018-12-08 16:50:32.958316	2018-11-29	1	1	\N
395	2018-11-29	6	1	25.20000	\N	\N	25.26000	2000	encerrado	\N	\N	2018-12-08 16:51:34.876999	2018-12-08 16:51:34.876999	2018-11-29	1	1	\N
399	2018-12-04	6	1	26.04000	\N	\N	25.34000	2000	encerrado	\N	\N	2018-12-08 16:58:51.960098	2018-12-08 16:58:51.960098	2018-12-04	1	1	\N
368	2018-11-08	57	1	58.27000	\N	\N	56.86800	1000	encerrado	\N	\N	2018-11-25 14:08:17.421497	2018-12-08 17:19:49.236956	2018-11-09	1	1	\N
258	2018-08-14	94	1	45.00000	\N	\N	55.75630	300	encerrado	\N	\N	2018-08-20 23:03:41.711238	2018-12-19 23:36:02.855	2018-11-08	1	1	\N
379	2018-11-16	56	1	15.45000	\N	\N	15.20000	2000	em_andamento	\N	\N	2018-12-08 16:21:16.818198	2018-12-08 16:21:16.818198	\N	1	1	\N
199	2018-05-22	30	1	30.16000	\N	\N	37.50000	300	encerrado	\N	\N	2018-05-23 23:54:06.187194	2019-03-12 00:32:05.260011	2019-02-21	1	1	Preço original da compra foi de R$ 45.24. Quantidade original foi de 200. Papel foi desmembrado em 1 (uma) nova ação para cada 2 (duas) ações da mesma espécie
430	2019-02-15	26	1	18.15000	\N	\N	18.25000	1000	encerrado	\N	\N	2019-03-12 00:20:21.469418	2019-03-12 00:33:22.549786	2019-02-21	1	1	
319	2018-10-03	106	1	25.04000	\N	\N	23.15000	800	encerrado	\N	\N	2018-10-03 23:56:44.626263	2018-10-09 00:08:36.544092	2018-10-08	1	1	\N
383	2018-11-19	108	1	36.90000	\N	\N	36.33500	1000	encerrado	\N	\N	2018-12-08 16:32:24.177476	2019-01-03 00:04:08.41203	2018-12-26	1	1	\N
459	2019-04-05	57	1	51.88000	\N	\N	51.99000	1000	encerrado	\N	\N	2019-05-14 23:53:45.285997	2019-05-14 23:53:45.285997	2019-04-05	1	1	
445	2019-03-11	113	1	8.18000	\N	\N	8.18000	1500	em_andamento	\N	\N	2019-04-01 23:34:23.410708	2019-04-01 23:34:23.410708	\N	1	1	
450	2019-03-13	57	1	50.64000	\N	\N	50.64000	1000	em_andamento	\N	\N	2019-04-01 23:40:20.979946	2019-04-01 23:40:20.979946	\N	1	1	
23	2017-07-27	11	1	16.12000	18.45	16.27	18.45000	1200	encerrado	\N	\N	2017-10-04 00:37:23.481745	2017-10-22 21:13:49.332552	2017-09-12	1	1	\N
453	2019-03-18	77	1	3.71000	\N	\N	3.72000	4000	encerrado	\N	\N	2019-04-01 23:46:16.248143	2019-04-01 23:51:01.352648	2019-03-22	1	1	
444	2019-03-11	41	1	14.18000	\N	\N	14.61000	1000	encerrado	\N	\N	2019-04-01 23:30:58.854369	2019-06-12 00:48:48.354491	2019-06-04	1	1	
457	2019-04-02	54	1	16.83000	\N	\N	16.70000	1000	encerrado	\N	\N	2019-05-14 23:49:27.174248	2019-05-14 23:49:27.174248	2019-04-02	1	1	
397	2018-11-29	57	1	52.26000	\N	\N	52.60000	600	em_andamento	\N	\N	2018-12-08 16:53:44.653382	2019-05-14 23:51:59.598983	\N	1	1	
463	2019-04-23	30	1	33.28000	\N	\N	32.40000	200	encerrado	\N	\N	2019-05-15 00:23:25.426623	2019-05-15 00:23:25.426623	2019-05-07	1	1	
254	2018-08-03	28	1	7.23000	\N	\N	10.02000	1500	encerrado	\N	\N	2018-08-04 13:07:58.671093	2019-06-11 00:23:28.865041	2019-05-31	2	1	
437	2019-02-26	48	1	18.83000	\N	\N	18.65900	1000	encerrado	\N	\N	2019-03-12 00:39:02.957326	2019-06-12 00:23:54.969011	2019-05-17	1	1	
443	2019-03-11	78	1	24.24000	\N	\N	24.51700	1000	encerrado	\N	\N	2019-04-01 23:30:19.19641	2019-06-12 00:47:16.024707	2019-06-04	1	1	
465	2019-05-27	115	1	13.11000	\N	\N	12.93000	1200	encerrado	\N	\N	2019-06-12 00:34:42.861841	2019-06-12 00:54:11.675835	2019-06-05	1	1	
448	2019-03-13	41	1	14.70000	\N	\N	14.61000	2000	encerrado	\N	\N	2019-04-01 23:38:56.267773	2019-06-12 00:49:17.820117	2019-06-04	1	1	
456	2019-03-26	78	1	24.04000	\N	\N	24.51700	700	encerrado	\N	\N	2019-04-01 23:52:17.666142	2019-06-12 00:50:37.141375	2019-06-04	1	1	
446	2019-03-12	114	1	30.65000	\N	\N	30.72000	2000	encerrado	\N	\N	2019-04-01 23:35:53.301173	2019-07-16 00:04:30.859302	2019-06-25	1	1	
466	2019-06-07	9	1	8.39000	\N	\N	8.47000	3000	encerrado	\N	\N	2019-06-12 00:55:10.998067	2019-07-16 00:05:07.157132	2019-06-25	1	1	
449	2019-03-13	30	1	37.02000	\N	\N	37.04000	2000	encerrado	\N	\N	2019-04-01 23:39:36.047612	2019-07-16 00:17:22.331763	2019-07-10	1	1	
462	2019-04-23	30	1	33.28000	\N	\N	37.04000	200	encerrado	\N	\N	2019-05-15 00:20:09.590691	2019-07-16 00:18:12.072051	2019-07-10	1	1	
344	2018-10-25	84	1	14.80000	\N	\N	14.63000	1000	encerrado	\N	\N	2018-10-27 12:05:57.845922	2018-10-27 12:05:57.845922	2018-10-25	1	1	\N
277	2018-09-04	74	1	9.22000	\N	\N	9.09000	2000	encerrado	\N	\N	2018-09-05 23:26:57.724237	2018-09-05 23:26:57.724237	2018-09-04	1	1	\N
223	2018-06-15	44	1	15.06000	\N	\N	15.43500	1000	encerrado	\N	\N	2018-06-15 00:16:47.408605	2018-06-20 23:21:15.800864	2018-06-20	1	2	\N
283	2018-09-13	99	1	21.95710	\N	\N	21.77860	700	encerrado	\N	\N	2018-09-25 00:18:35.253329	2018-09-25 00:18:35.253329	2018-09-13	1	1	\N
285	2018-09-13	54	1	8.40000	\N	\N	8.37000	2000	encerrado	\N	\N	2018-09-25 00:20:30.533952	2018-09-25 00:20:30.533952	2018-09-13	1	1	\N
208	2018-06-01	62	1	48.80000	\N	\N	47.84170	200	encerrado	\N	\N	2018-06-05 23:15:33.793714	2018-06-22 09:52:30.921141	2018-06-21	1	1	\N
242	2018-07-26	6	1	19.55000	\N	\N	19.41000	1000	encerrado	\N	\N	2018-07-28 12:09:36.712845	2018-07-28 12:09:36.712845	2018-07-26	1	2	\N
287	2018-09-14	99	1	22.14000	\N	\N	22.60000	1000	encerrado	\N	\N	2018-09-25 00:22:08.124449	2018-09-25 00:22:08.124449	2018-09-14	1	1	\N
289	2018-09-14	104	1	15.00000	\N	\N	15.42000	1000	encerrado	\N	\N	2018-09-25 00:24:27.373913	2018-09-25 00:24:27.373913	2018-09-14	1	1	\N
293	2018-09-17	83	1	12.44500	\N	\N	12.32300	1000	encerrado	\N	\N	2018-09-25 00:28:41.877704	2018-09-25 00:28:41.877704	2018-09-17	1	1	\N
297	2018-09-18	30	1	43.24000	\N	\N	43.26000	1000	encerrado	\N	\N	2018-09-25 00:34:40.014104	2018-09-25 00:34:40.014104	2018-09-18	1	1	\N
301	2018-09-21	18	1	28.36000	\N	\N	28.00400	1000	encerrado	\N	\N	2018-09-25 00:40:43.646698	2018-09-25 00:40:43.646698	2018-09-21	1	1	\N
303	2018-09-21	9	1	8.21000	\N	\N	8.43000	3000	encerrado	\N	\N	2018-09-25 00:42:24.828777	2018-09-25 00:42:24.828777	2018-09-21	1	1	\N
308	2018-09-24	103	1	36.63000	\N	\N	37.02600	1000	encerrado	\N	\N	2018-09-25 00:46:39.57754	2018-09-25 00:46:39.57754	2018-09-24	1	2	\N
338	2018-10-23	48	1	16.78530	\N	\N	16.90070	1500	encerrado	\N	\N	2018-10-27 11:51:57.456595	2018-10-27 12:10:06.494094	2018-10-26	1	1	\N
349	2018-10-29	94	1	56.69750	\N	\N	58.03130	800	encerrado	\N	\N	2018-11-20 15:19:15.177657	2018-11-20 15:19:15.177657	2018-10-29	1	1	\N
243	2018-07-26	69	1	7.25000	\N	\N	7.70790	1400	encerrado	\N	\N	2018-07-28 12:10:07.799065	2018-11-20 15:21:02.291325	2018-10-29	1	1	\N
355	2018-10-31	98	1	36.20000	\N	\N	36.35000	1000	encerrado	\N	\N	2018-11-20 15:33:17.508438	2018-11-20 15:33:17.508438	2018-10-31	1	2	\N
324	2018-10-09	94	1	51.15000	\N	\N	52.17200	500	encerrado	\N	\N	2018-10-09 23:03:40.414526	2018-10-09 23:03:40.414526	2018-10-09	1	1	\N
358	2018-11-01	56	1	16.33000	\N	\N	16.53000	2000	encerrado	\N	\N	2018-11-25 13:35:50.291638	2018-11-25 13:35:50.291638	2018-11-01	1	1	\N
361	2018-11-06	10	1	20.24000	\N	\N	21.16600	1000	encerrado	\N	\N	2018-11-25 13:52:40.283705	2018-11-25 13:52:40.283705	2018-11-06	1	1	\N
252	2018-08-03	7	1	33.80000	\N	\N	41.24000	500	encerrado	\N	\N	2018-08-04 13:04:51.985198	2018-11-25 13:55:00.41837	2018-11-07	1	1	\N
265	2018-08-21	6	1	18.51000	\N	\N	18.25000	1000	encerrado	\N	\N	2018-08-27 23:32:49.734141	2018-08-27 23:32:49.734141	2018-08-21	1	1	\N
240	2018-07-25	6	1	19.80000	\N	\N	26.35000	700	encerrado	\N	\N	2018-07-28 12:07:15.54354	2018-11-25 13:56:09.77631	2018-11-07	1	1	\N
369	2018-11-08	104	1	15.54900	\N	\N	15.40000	1000	encerrado	\N	\N	2018-11-25 14:09:18.187315	2018-11-25 14:09:18.187315	2018-11-08	1	1	\N
405	2018-12-10	103	1	48.54700	\N	\N	48.20800	1000	encerrado	\N	\N	2018-12-19 23:32:46.445521	2018-12-19 23:32:46.445521	2018-12-10	1	1	\N
322	2018-10-08	57	1	56.85000	\N	\N	52.60000	1000	em_andamento	\N	\N	2018-10-09 00:09:28.550977	2018-10-09 00:09:28.550977	\N	1	1	\N
407	2018-12-19	57	1	52.13500	\N	\N	51.80500	2000	encerrado	\N	\N	2019-01-02 23:23:32.03989	2019-01-03 00:02:40.637943	2018-12-19	1	1	\N
329	2018-10-16	96	1	37.99000	\N	\N	37.86800	1000	encerrado	\N	\N	2018-10-24 00:40:37.762143	2018-10-24 00:40:37.762143	2018-10-16	1	1	\N
372	2018-11-12	56	1	15.90500	\N	\N	15.89000	2000	encerrado	\N	\N	2018-12-08 15:55:57.011411	2018-12-08 15:55:57.011411	2018-11-12	1	1	\N
384	2018-11-21	7	1	44.08000	\N	\N	43.73000	1000	encerrado	\N	\N	2018-12-08 16:33:44.349822	2018-12-08 16:33:44.349822	2018-11-21	1	1	\N
330	2018-10-17	7	1	39.44000	\N	\N	39.13300	1000	encerrado	\N	\N	2018-10-24 00:41:59.75387	2018-10-24 00:41:59.75387	2018-10-17	1	1	\N
320	2018-10-04	47	1	17.00000	\N	\N	16.80000	1000	encerrado	\N	\N	2018-10-06 15:45:33.12804	2018-10-06 15:47:23.339975	2018-10-05	1	1	\N
385	2018-11-22	99	1	35.21000	\N	\N	35.06600	1000	encerrado	\N	\N	2018-12-08 16:35:57.582142	2018-12-08 16:35:57.582142	2018-11-22	1	1	\N
391	2018-11-28	56	1	14.87000	\N	\N	14.85000	3000	encerrado	\N	\N	2018-12-08 16:44:42.181644	2018-12-08 16:44:42.181644	2018-11-28	1	1	\N
333	2018-10-17	57	1	57.99000	\N	\N	58.80000	1000	encerrado	\N	\N	2018-10-24 00:47:45.383016	2018-10-24 00:47:45.383016	2018-10-17	1	1	\N
401	2018-12-05	6	1	25.16000	\N	\N	25.41500	4000	encerrado	\N	\N	2018-12-08 17:01:23.275357	2018-12-08 17:01:23.275357	2018-12-05	1	1	\N
404	2018-12-06	57	1	51.82000	\N	\N	51.82000	1000	encerrado	\N	\N	2018-12-08 17:04:28.024706	2018-12-08 17:04:28.024706	2018-12-06	1	1	\N
413	2019-01-03	84	1	16.00000	\N	\N	15.94000	1000	encerrado	\N	\N	2019-01-14 22:18:03.05705	2019-01-14 22:18:03.05705	2019-01-03	1	1	\N
411	2018-12-26	108	1	36.50000	\N	\N	36.33500	1000	encerrado	\N	\N	2019-01-02 23:30:16.614098	2019-01-03 00:04:47.699713	2018-12-26	1	1	\N
176	2018-04-26	86	1	27.57000	\N	\N	26.30000	500	encerrado	\N	\N	2018-05-10 00:36:33.580472	2018-05-10 00:41:44.606937	2018-05-03	1	1	\N
173	2018-04-19	69	1	8.73000	\N	\N	8.26000	1400	encerrado	\N	\N	2018-05-10 00:26:15.805497	2018-05-10 00:42:27.845914	2018-05-03	1	1	\N
168	2018-04-11	14	1	44.85000	\N	\N	48.74000	700	encerrado	\N	\N	2018-05-10 00:04:43.075244	2018-05-10 00:43:08.832762	2018-05-03	1	1	\N
171	2018-04-13	55	1	9.64000	\N	\N	9.21000	1300	encerrado	\N	\N	2018-05-10 00:13:04.224782	2018-05-10 00:43:51.544603	2018-05-04	1	1	\N
104	2018-03-19	79	1	17.64850	\N	\N	17.86850	2000	encerrado	\N	\N	2018-03-19 22:10:31.203235	2018-05-14 00:34:26.666209	2018-03-19	1	1	\N
194	2018-02-06	6	1	19.68000	\N	\N	19.59000	2000	encerrado	\N	\N	2018-05-17 23:15:15.655389	2018-05-17 23:15:15.655389	2018-02-06	1	1	\N
83	2018-01-30	24	1	92.00000	\N	\N	80.20000	200	encerrado	\N	\N	2018-01-31 22:36:21.682739	2018-05-17 23:24:01.344376	2018-02-06	1	1	\N
203	2018-03-13	90	1	20.84570	\N	\N	21.24000	700	encerrado	\N	\N	2018-05-24 00:07:49.308689	2018-05-24 00:09:21.249752	2018-03-28	1	2	\N
101	2018-03-08	80	1	5.60000	\N	\N	6.10000	2000	encerrado	\N	\N	2018-03-12 23:22:27.407013	2018-03-19 22:09:23.389131	2018-03-19	1	1	\N
351	2018-10-29	92	1	28.75000	\N	\N	38.16000	1100	encerrado	\N	\N	2018-11-20 15:21:54.051625	2019-01-14 22:20:31.724027	2019-01-03	1	1	\N
10	2017-09-18	41	1	9.20000	11.73	8.30	8.30000	1300	encerrado	\N	\N	2017-10-04 00:07:45.168188	2017-10-22 21:16:26.887844	2017-09-25	1	1	\N
20	2017-08-22	4	1	61.00000	72.00	58.77	60.87000	200	encerrado	\N	\N	2017-10-04 00:31:11.993858	2017-10-22 21:17:01.891865	2017-09-25	1	1	\N
220	2018-06-08	36	1	5.85000	\N	\N	5.84970	3600	encerrado	\N	\N	2018-06-12 23:35:35.251208	2018-06-13 23:17:18.210419	2018-06-13	1	1	\N
225	2018-06-15	34	1	23.45000	\N	\N	22.37380	800	encerrado	\N	\N	2018-06-15 00:18:23.498681	2018-06-15 00:18:23.498681	2018-06-15	1	1	\N
213	2018-06-05	93	1	70.90000	\N	\N	60.06000	200	encerrado	\N	\N	2018-06-05 23:22:08.156232	2018-06-15 00:18:58.938028	2018-06-15	1	1	\N
31	2017-07-10	31	1	27.87000	32.00	33.90	33.87000	500	encerrado	\N	\N	2017-10-04 00:51:14.948357	2017-10-22 21:17:32.039542	2017-09-25	1	1	\N
13	2017-09-11	44	1	27.65000	31.66	26.19	27.55000	600	encerrado	\N	\N	2017-10-04 00:15:53.850848	2017-10-22 21:18:18.704398	2017-09-27	1	1	\N
18	2017-08-24	22	1	19.65000	26.30	18.85	21.04000	800	encerrado	\N	\N	2017-10-04 00:26:07.994903	2017-10-22 21:18:47.915814	2017-09-27	1	1	\N
21	2017-08-22	47	1	16.00000	18.40	14.95	14.80000	1100	encerrado	\N	\N	2017-10-04 00:33:08.576008	2017-10-22 21:20:26.768627	2017-10-09	1	1	\N
98	2018-03-01	57	1	45.53000	\N	\N	44.90000	2000	encerrado	\N	\N	2018-03-06 00:20:49.858789	2018-03-06 00:20:49.858789	2018-03-01	1	1	\N
89	2018-02-16	57	1	45.89000	\N	\N	45.65000	4000	encerrado	\N	\N	2018-02-19 23:52:49.204801	2018-02-19 23:52:49.204801	2018-02-16	1	1	\N
80	2018-01-15	16	1	79.89000	\N	\N	67.35000	200	encerrado	\N	\N	2018-01-15 23:43:32.403512	2018-04-19 00:50:11.142446	2018-04-03	1	1	\N
431	2019-02-15	6	1	26.95000	\N	\N	26.93500	1000	encerrado	\N	\N	2019-03-12 00:21:03.335506	2019-03-12 00:34:20.350959	2019-02-21	1	1	
427	2019-02-13	7	1	52.00400	\N	\N	52.06600	1000	encerrado	\N	\N	2019-03-12 00:14:12.65211	2019-03-12 00:14:12.65211	2019-02-13	1	1	
434	2019-02-20	111	1	6.45000	\N	\N	7.38000	2000	encerrado	\N	\N	2019-03-12 00:26:20.341697	2019-05-14 23:53:00.066212	2019-04-05	1	1	
275	2018-08-13	28	1	6.99800	\N	\N	10.02000	2000	encerrado	\N	\N	2018-08-30 00:09:36.230129	2019-06-11 00:23:45.99897	2019-05-31	2	1	
91	2018-02-01	75	1	159.00000	\N	\N	150.14000	100	encerrado	\N	\N	2018-02-19 23:55:51.941445	2018-02-19 23:55:51.941445	2018-02-19	1	1	\N
92	2018-02-21	56	1	16.37000	\N	\N	16.30000	2000	encerrado	\N	\N	2018-02-21 00:20:54.184402	2018-02-21 00:20:54.184402	2018-02-21	1	1	\N
81	2017-12-18	72	1	18.00000	\N	\N	17.02000	1682	encerrado	\N	\N	2018-01-16 00:11:45.597	2018-01-31 22:40:07.68022	2018-01-31	1	1	\N
100	2018-03-09	6	1	21.95000	\N	\N	22.00000	700	encerrado	\N	\N	2018-03-12 23:19:51.613544	2018-03-12 23:19:51.613544	2018-03-09	1	1	\N
77	2018-01-05	34	1	20.19000	\N	\N	25.45000	300	encerrado	\N	\N	2018-01-06 12:41:50.172445	2018-03-14 23:34:56.148453	2018-03-14	1	1	\N
96	2018-02-26	44	1	23.91000	\N	\N	19.86000	600	encerrado	\N	\N	2018-02-26 23:34:02.521859	2018-04-19 00:55:44.5751	2018-04-04	1	1	\N
15	2017-08-28	15	1	16.00000	18.82	15.57	17.82000	1000	encerrado	\N	\N	2017-10-04 00:19:20.504544	2018-03-13 21:44:49.767466	2018-03-13	1	1	\N
103	2018-03-13	57	1	42.44000	\N	\N	42.28000	1000	encerrado	\N	\N	2018-03-13 21:46:08.810618	2018-03-13 21:46:08.810618	2018-03-13	1	1	\N
109	2015-05-04	3	1	7.52000	\N	\N	8.56000	100	encerrado	\N	\N	2018-04-04 23:46:38.721432	2018-04-05 00:03:54.754504	2016-06-20	1	1	\N
113	2016-02-18	6	1	4.60000	\N	\N	9.28000	100	encerrado	\N	\N	2018-04-05 00:01:28.577368	2018-04-05 00:04:43.333145	2016-06-20	1	1	\N
119	2016-09-30	10	1	6.16000	\N	\N	6.16000	1000	encerrado	\N	\N	2018-04-05 00:12:05.550989	2018-04-05 00:12:05.550989	2016-09-30	1	1	\N
126	2016-09-22	10	1	6.69000	\N	\N	5.35000	100	encerrado	\N	\N	2018-04-05 00:29:40.8949	2018-04-05 00:29:40.8949	2016-11-30	1	1	\N
129	2017-01-18	16	1	48.55000	\N	\N	59.97000	300	encerrado	\N	\N	2018-04-09 23:25:17.185056	2018-04-09 23:30:17.401934	2017-02-22	1	1	\N
132	2017-03-06	19	1	26.76000	\N	\N	27.27000	600	encerrado	\N	\N	2018-04-09 23:33:29.643334	2018-04-09 23:37:03.785009	2017-03-13	1	1	\N
117	2016-07-26	9	1	3.02000	\N	\N	4.55000	400	encerrado	\N	\N	2018-04-05 00:09:16.343962	2018-04-09 23:37:55.719982	2017-03-17	1	1	\N
107	2015-05-04	1	1	35.20000	\N	\N	27.82000	100	encerrado	\N	\N	2018-04-04 23:45:24.977541	2018-04-09 23:58:58.874402	2017-05-18	1	1	\N
128	2017-01-11	15	1	11.55000	\N	\N	14.63000	1000	encerrado	\N	\N	2018-04-09 23:24:13.231692	2018-04-10 00:00:49.486962	2017-05-18	1	1	\N
111	2015-05-05	5	1	9.60000	\N	\N	8.47000	300	encerrado	\N	\N	2018-04-04 23:51:42.768688	2018-04-10 00:02:49.946609	2017-05-18	1	1	\N
94	2018-02-22	16	1	84.85000	\N	\N	67.35000	100	encerrado	\N	\N	2018-02-24 12:02:50.724567	2018-04-19 00:49:50.189519	2018-04-03	1	1	\N
36	2017-10-13	18	1	20.59000	\N	\N	21.57000	1000	encerrado	\N	\N	2017-10-18 23:07:09.481182	2017-10-18 23:07:09.481182	2017-10-13	1	1	\N
38	2017-10-13	7	1	37.38000	37.48	37.18	37.46000	2000	encerrado	\N	\N	2017-10-18 23:08:56.345536	2017-10-18 23:08:56.345536	2017-10-13	1	1	\N
39	2017-10-17	17	1	8.19000	8.32	8.19	8.19000	1995	encerrado	\N	\N	2017-10-18 23:09:38.928455	2017-10-18 23:09:38.928455	2017-10-17	1	1	\N
34	2017-06-27	54	1	6.81000	8.05	6.92	8.05000	1500	encerrado	\N	\N	2017-10-04 00:55:53.888968	2017-10-22 21:02:56.463522	2017-08-07	1	1	\N
37	2017-10-13	18	1	20.59000	\N	21.54	23.53000	1000	encerrado	\N	\N	2017-10-18 23:08:01.089546	2018-02-21 00:21:54.868111	2018-02-21	1	1	\N
76	2018-01-03	71	1	44.00000	\N	\N	52.00000	400	encerrado	\N	\N	2018-01-06 12:40:16.214414	2018-01-22 22:22:11.611503	2018-01-22	1	1	\N
51	2017-11-10	62	1	33.75000	\N	\N	36.62000	400	encerrado	\N	\N	2017-11-15 15:46:49.670368	2018-01-31 22:31:39.226371	2018-01-29	1	1	\N
45	2017-10-27	56	1	11.81000	\N	11.70	11.70000	5000	encerrado	\N	\N	2017-11-06 22:37:08.137191	2017-11-06 22:37:08.137191	2017-10-27	1	1	\N
46	2017-10-30	58	1	2.80000	\N	\N	2.57000	1500	encerrado	\N	\N	2017-11-06 22:41:49.664138	2017-11-06 22:44:40.109707	2017-11-03	1	1	\N
50	2017-11-10	61	1	32.68000	\N	\N	31.15000	400	encerrado	\N	\N	2017-11-15 15:46:01.991341	2018-01-31 22:35:30.247121	2018-01-30	1	1	\N
54	2017-11-08	57	1	33.83000	\N	\N	33.65000	2000	encerrado	\N	\N	2017-11-15 15:52:21.860208	2017-11-15 15:52:21.860208	2017-11-08	1	1	\N
43	2017-11-06	36	1	7.28000	\N	6.80	6.75000	1000	encerrado	\N	\N	2017-11-06 22:28:27.302683	2017-11-15 15:55:43.901119	2017-11-07	1	1	\N
40	2017-10-20	6	1	16.32000	18.48	15.07	16.58000	800	encerrado	\N	\N	2017-10-22 21:24:06.952703	2017-11-15 15:56:24.501654	2017-11-07	1	1	\N
41	2017-10-23	6	1	16.27000	\N	15.07	16.58000	600	encerrado	\N	\N	2017-10-25 22:59:16.268114	2017-11-15 15:56:40.281059	2017-11-07	1	1	\N
47	2017-11-06	59	1	3.89000	\N	\N	3.60000	1200	encerrado	\N	\N	2017-11-06 22:42:19.612285	2017-11-15 15:56:59.387931	2017-11-07	1	1	\N
42	2017-11-06	56	1	10.88000	13.54	10.05	10.05000	1200	encerrado	\N	\N	2017-11-06 22:27:14.569554	2017-11-15 16:02:49.976639	2017-11-14	1	1	\N
55	2017-11-17	34	1	17.87000	\N	\N	25.45000	300	encerrado	\N	\N	2017-11-19 14:16:56.031539	2018-03-14 23:35:06.499327	2018-03-14	1	1	\N
63	2017-12-06	67	1	49.40000	\N	\N	54.31000	300	encerrado	\N	\N	2017-12-07 22:59:00.558996	2018-03-07 01:14:59.828597	2018-03-07	1	1	\N
56	2017-11-17	63	1	59.05000	\N	\N	74.33000	400	encerrado	\N	\N	2017-11-19 14:20:25.265787	2018-02-15 22:27:32.420509	2018-02-09	1	1	\N
48	2017-11-13	60	1	10.90000	\N	\N	10.59000	500	encerrado	\N	\N	2017-11-15 15:42:17.752365	2017-12-07 22:48:31.93041	2017-12-01	1	1	\N
49	2017-11-10	60	1	10.68000	\N	\N	10.59000	900	encerrado	\N	\N	2017-11-15 15:43:13.86103	2017-12-07 22:48:47.733634	2017-12-01	1	1	\N
59	2017-11-28	41	1	7.20000	\N	\N	6.62000	1400	encerrado	\N	\N	2017-11-28 23:12:47.414201	2017-12-07 22:52:35.867281	2017-12-01	1	1	\N
61	2017-11-29	52	1	13.35000	\N	\N	12.71000	1100	encerrado	\N	\N	2017-12-07 22:53:55.622585	2017-12-07 22:53:55.622585	2017-11-29	1	1	\N
52	2017-11-10	19	1	32.90000	\N	\N	29.35000	400	encerrado	\N	\N	2017-11-15 15:47:35.631829	2017-12-22 16:03:22.901867	2017-12-13	1	1	\N
112	2016-02-04	6	1	4.49000	\N	\N	9.28000	100	encerrado	\N	\N	2018-04-04 23:59:44.359097	2018-04-05 00:05:32.731256	2016-06-20	1	1	\N
62	2017-12-07	24	1	68.24000	\N	\N	100.20000	200	encerrado	\N	\N	2017-12-07 22:58:03.626024	2018-01-15 23:38:07.396303	2018-01-09	1	1	\N
75	2018-01-02	70	1	6.98000	\N	\N	7.82000	1400	encerrado	\N	\N	2018-01-06 12:38:02.941878	2018-01-15 23:41:46.177358	2018-01-12	1	1	\N
58	2017-11-27	65	1	14.30000	\N	\N	13.81000	1000	encerrado	\N	\N	2017-11-27 23:30:59.127946	2018-02-24 12:06:05.36918	2018-02-23	1	1	\N
130	2017-02-08	17	1	7.30000	\N	\N	7.37000	1000	encerrado	\N	\N	2018-04-09 23:27:18.512723	2018-04-09 23:27:18.512723	2017-02-08	1	1	\N
127	2016-12-01	14	1	26.49000	\N	\N	33.07000	500	encerrado	\N	\N	2018-04-05 00:34:52.567207	2018-04-09 23:28:11.027385	2017-02-13	1	1	\N
44	2017-11-06	57	1	33.91000	37.28	31.85	40.10000	500	encerrado	\N	\N	2017-11-06 22:30:34.20937	2017-12-27 23:22:30.840669	2017-12-27	1	1	\N
131	2017-02-14	18	1	13.00000	\N	\N	12.10000	1200	encerrado	\N	\N	2018-04-09 23:29:01.963032	2018-04-09 23:31:06.772828	2017-02-23	1	1	\N
122	2016-11-08	12	1	10.05000	\N	\N	11.28000	500	encerrado	\N	\N	2018-04-05 00:16:17.404435	2018-04-09 23:32:08.926675	2017-03-06	1	1	\N
57	2017-11-21	4	1	65.20000	\N	\N	69.93000	300	encerrado	\N	\N	2017-11-22 22:43:57.053634	2018-04-19 00:53:55.259528	2018-04-04	1	1	\N
53	2017-11-09	6	1	16.90000	\N	\N	20.27000	1400	encerrado	\N	\N	2017-11-15 15:49:58.419962	2018-04-19 00:56:45.883848	2018-04-04	1	1	\N
118	2016-09-22	10	1	6.69000	\N	\N	5.25000	900	encerrado	\N	\N	2018-04-05 00:10:26.276224	2018-04-05 00:32:10.231324	2016-12-01	1	1	\N
87	2018-02-15	63	1	75.50000	\N	\N	95.00000	400	encerrado	\N	\N	2018-02-15 22:30:38.484458	2018-04-19 00:56:10.71698	2018-04-04	1	1	\N
123	2016-11-09	12	1	9.15000	\N	\N	11.28000	500	encerrado	\N	\N	2018-04-05 00:18:52.923201	2018-04-09 23:32:33.971933	2017-03-06	1	1	\N
115	2016-07-01	7	1	17.05000	\N	\N	32.31000	100	encerrado	\N	\N	2018-04-05 00:07:14.710624	2018-04-09 23:38:34.984568	2017-03-20	1	1	\N
134	2017-03-13	21	1	13.59000	\N	\N	13.05000	1000	encerrado	\N	\N	2018-04-09 23:35:21.894935	2018-04-09 23:39:04.393213	2017-03-20	1	1	\N
121	2016-10-24	11	1	15.86000	\N	\N	16.87000	600	encerrado	\N	\N	2018-04-05 00:15:15.332011	2018-04-09 23:40:42.806314	2017-04-03	1	1	\N
120	2016-10-19	11	1	15.63000	\N	\N	16.87000	400	encerrado	\N	\N	2018-04-05 00:14:10.895957	2018-04-09 23:41:08.433234	2017-04-03	1	1	\N
136	2017-03-13	23	1	15.25000	\N	\N	14.29000	1000	encerrado	\N	\N	2018-04-09 23:36:35.268449	2018-04-09 23:42:25.255279	2017-04-04	1	1	\N
139	2017-04-11	26	1	15.18000	\N	\N	15.05000	1500	encerrado	\N	\N	2018-04-09 23:44:55.262717	2018-04-09 23:44:55.262717	2017-04-11	1	1	\N
141	2017-04-13	14	1	26.46000	\N	\N	26.24000	800	encerrado	\N	\N	2018-04-09 23:46:55.293363	2018-04-09 23:46:55.293363	2017-04-13	1	1	\N
114	2016-06-20	1	1	28.00000	\N	\N	27.02000	100	encerrado	\N	\N	2018-04-05 00:06:17.940086	2018-04-09 23:58:37.28078	2017-05-18	1	1	\N
108	2015-05-04	2	1	41.55000	\N	\N	21.11000	100	encerrado	\N	\N	2018-04-04 23:46:01.136043	2018-04-09 23:59:28.370041	2017-05-18	1	1	\N
142	2017-04-17	28	1	5.86000	\N	\N	5.40000	2000	encerrado	\N	\N	2018-04-09 23:47:50.329019	2018-04-10 00:00:04.416485	2017-05-18	1	1	\N
144	2017-04-20	28	1	5.79000	\N	\N	5.40000	1300	encerrado	\N	\N	2018-04-09 23:49:30.720811	2018-04-10 00:00:24.823452	2017-05-18	1	1	\N
110	2015-05-04	4	1	31.74000	\N	\N	50.20000	100	encerrado	\N	\N	2018-04-04 23:47:21.351454	2018-04-10 00:01:14.655996	2017-05-18	1	1	\N
124	2016-11-30	13	1	6.00000	\N	\N	3.86000	1200	encerrado	\N	\N	2018-04-05 00:22:34.69753	2018-04-10 00:02:20.220867	2017-05-18	1	1	\N
116	2016-07-01	8	1	14.30000	\N	\N	13.52000	100	encerrado	\N	\N	2018-04-05 00:08:00.74451	2018-04-10 00:03:39.982459	2017-05-18	1	1	\N
146	2017-05-02	31	1	29.70000	\N	\N	25.00000	600	encerrado	\N	\N	2018-04-09 23:52:33.131581	2018-04-10 00:04:07.371357	2017-05-18	1	1	\N
138	2017-04-05	25	1	68.20000	\N	\N	60.64000	200	encerrado	\N	\N	2018-04-09 23:43:37.117439	2018-04-10 00:04:46.587127	2017-05-18	1	1	\N
135	2017-03-13	22	1	15.49000	\N	\N	15.30000	1000	encerrado	\N	\N	2018-04-09 23:35:59.261512	2018-04-10 00:05:11.800679	2017-05-18	1	1	\N
125	2016-11-30	6	1	16.03000	\N	\N	13.10000	900	encerrado	\N	\N	2018-04-05 00:23:20.718386	2018-04-10 00:05:48.171513	2017-05-18	1	1	\N
143	2017-04-19	29	1	18.45000	\N	\N	18.80000	600	encerrado	\N	\N	2018-04-09 23:48:45.026775	2018-04-10 00:06:16.166468	2017-05-18	1	1	\N
133	2017-03-10	20	1	27.49000	\N	\N	29.52000	500	encerrado	\N	\N	2018-04-09 23:34:23.165569	2018-04-09 23:50:09.839182	2017-04-27	1	1	\N
140	2017-04-13	27	1	44.32000	\N	\N	52.00000	400	encerrado	\N	\N	2018-04-09 23:46:00.648567	2018-04-09 23:51:00.84622	2017-04-28	1	1	\N
145	2017-05-02	30	1	39.86000	\N	\N	38.67000	400	encerrado	\N	\N	2018-04-09 23:51:56.862023	2018-04-09 23:53:23.005156	2017-05-05	1	1	\N
137	2017-03-29	24	1	41.00000	\N	\N	41.35000	200	encerrado	\N	\N	2018-04-09 23:40:00.12869	2018-04-09 23:56:39.304038	2017-05-10	1	1	\N
147	2017-05-09	81	1	30.01000	\N	\N	32.55000	500	encerrado	\N	\N	2018-04-09 23:55:31.271273	2018-04-10 00:01:48.693815	2017-05-18	1	1	\N
148	2017-05-10	71	1	35.18000	\N	\N	32.95000	500	encerrado	\N	\N	2018-04-09 23:56:13.529763	2018-04-09 23:57:21.430024	2017-05-16	1	1	\N
149	2017-06-07	6	1	13.31000	\N	\N	12.97000	1000	encerrado	\N	\N	2018-04-10 00:10:32.444285	2018-04-10 00:10:32.444285	2017-06-07	1	1	\N
245	2018-07-30	94	1	45.95000	\N	\N	45.08100	1000	encerrado	\N	\N	2018-08-02 23:05:58.74064	2018-08-02 23:05:58.74064	2018-07-30	1	1	\N
269	2018-08-27	41	1	7.62000	\N	\N	7.52000	2000	encerrado	\N	\N	2018-08-27 23:37:54.045897	2018-08-28 23:16:52.956786	2018-08-28	1	1	\N
414	2019-01-03	7	1	48.97900	\N	\N	48.43500	1000	encerrado	\N	\N	2019-01-14 22:19:05.629593	2019-01-14 22:19:05.629593	2019-01-03	1	1	\N
266	2018-08-22	18	1	26.15000	\N	\N	27.55000	400	encerrado	\N	\N	2018-08-27 23:34:40.399733	2018-08-27 23:37:12.279518	2018-08-27	1	2	\N
415	2019-01-03	6	1	24.12000	\N	\N	24.76000	2000	encerrado	\N	\N	2019-01-14 22:20:03.406077	2019-01-14 22:20:03.406077	2019-01-03	1	1	\N
416	2019-01-07	57	1	52.68500	\N	\N	52.59000	2000	encerrado	\N	\N	2019-01-14 22:21:53.335582	2019-01-14 22:21:53.335582	2019-01-07	1	1	\N
418	2019-01-09	7	1	47.88000	\N	\N	47.89000	1000	encerrado	\N	\N	2019-01-14 22:24:24.303962	2019-01-14 22:24:24.303962	2019-01-09	1	1	\N
373	2018-11-12	6	1	25.73000	\N	\N	26.93500	3000	encerrado	\N	\N	2018-12-08 15:56:44.034757	2019-03-12 00:34:01.547051	2019-02-21	1	1	
435	2019-02-20	112	1	6.42000	\N	\N	6.75000	2000	encerrado	\N	\N	2019-03-12 00:28:12.273562	2019-04-01 23:37:25.588781	2019-03-13	1	1	
451	2019-03-14	98	1	46.35000	\N	\N	45.62000	400	encerrado	\N	\N	2019-04-01 23:42:50.835808	2019-04-01 23:44:55.109366	2019-03-15	1	1	
425	2019-01-14	57	1	52.56000	\N	\N	52.56000	500	em_andamento	\N	\N	2019-02-12 23:10:13.921328	2019-02-12 23:10:13.921328	\N	1	1	
388	2018-11-26	9	1	8.67000	\N	\N	9.27330	3000	encerrado	\N	\N	2018-12-08 16:39:58.202904	2019-03-12 00:34:56.068365	2019-02-21	1	1	
423	2019-01-14	26	1	17.65000	\N	\N	19.54000	2000	encerrado	\N	\N	2019-02-12 23:08:28.519547	2019-02-12 23:13:51.411943	2019-02-05	1	1	
332	2018-10-17	9	1	9.92000	\N	\N	9.88000	2000	encerrado	\N	\N	2018-10-24 00:44:51.836754	2018-10-24 00:44:51.836754	2018-10-17	1	1	\N
276	2018-08-30	62	1	59.21000	\N	\N	68.00000	300	encerrado	\N	\N	2018-09-05 23:16:48.386198	2018-10-24 00:53:26.016284	2018-10-18	1	1	\N
321	2018-10-04	10	1	12.13000	\N	\N	15.94000	2000	encerrado	\N	\N	2018-10-06 15:46:02.34113	2018-10-24 00:55:50.901203	2018-10-19	1	1	\N
347	2018-10-26	99	1	28.21300	\N	\N	28.95000	1000	encerrado	\N	\N	2018-10-27 12:11:53.440026	2018-10-27 12:11:53.440026	2018-10-26	1	1	\N
352	2018-10-29	9	1	10.19000	\N	\N	10.20000	3000	encerrado	\N	\N	2018-11-20 15:22:54.488203	2018-11-20 15:22:54.488203	2018-10-29	1	1	\N
360	2018-11-05	6	1	27.65000	\N	\N	27.61950	2000	encerrado	\N	\N	2018-11-25 13:51:11.081584	2018-11-25 13:51:11.081584	2018-11-05	1	1	\N
362	2018-11-06	57	1	57.75000	\N	\N	57.28300	1000	encerrado	\N	\N	2018-11-25 13:53:29.294399	2018-11-25 13:53:29.294399	2018-11-06	1	1	\N
375	2018-11-13	57	1	55.18000	\N	\N	56.17000	1000	encerrado	\N	\N	2018-12-08 15:59:37.751252	2018-12-08 15:59:37.751252	2018-11-13	1	1	\N
377	2018-11-14	57	1	54.84900	\N	\N	54.71000	1000	encerrado	\N	\N	2018-12-08 16:03:41.512494	2018-12-08 16:03:41.512494	2018-11-14	1	1	\N
378	2018-11-16	18	1	35.08800	\N	\N	35.35200	1000	encerrado	\N	\N	2018-12-08 16:20:10.746535	2018-12-08 16:20:10.746535	2018-11-16	1	1	\N
392	2018-11-28	10	1	20.86000	\N	\N	21.24000	2000	encerrado	\N	\N	2018-12-08 16:46:26.909984	2018-12-08 16:46:26.909984	2018-11-28	1	1	\N
398	2018-12-04	99	1	32.93500	\N	\N	33.01600	1000	encerrado	\N	\N	2018-12-08 16:57:46.535845	2018-12-08 16:57:46.535845	2018-12-04	1	1	\N
400	2018-11-05	2	1	9.28800	\N	\N	9.53000	2000	encerrado	\N	\N	2018-12-08 17:00:19.605996	2018-12-08 17:00:19.605996	2018-12-05	1	1	\N
402	2018-12-06	12	1	12.10000	\N	\N	12.23000	2000	encerrado	\N	\N	2018-12-08 17:02:44.640756	2018-12-08 17:02:44.640756	2018-12-06	1	1	\N
403	2018-12-06	6	1	24.78000	\N	\N	24.70000	4000	encerrado	\N	\N	2018-12-08 17:03:39.209391	2018-12-08 17:03:39.209391	2018-12-06	1	1	\N
406	2018-12-12	6	1	23.76500	\N	\N	23.69180	6000	encerrado	\N	\N	2018-12-19 23:34:26.047602	2018-12-19 23:34:26.047602	2018-12-12	1	1	\N
428	2019-02-13	110	1	51.60000	\N	\N	50.44000	400	encerrado	\N	\N	2019-03-12 00:16:52.987243	2019-03-12 00:17:29.369864	2019-02-14	1	1	
432	2019-02-19	56	1	15.62000	\N	\N	15.56000	2000	encerrado	\N	\N	2019-03-12 00:22:50.000819	2019-03-12 00:22:50.000819	2019-02-19	1	1	
408	2018-12-20	18	1	39.79700	\N	\N	39.68800	1000	encerrado	\N	\N	2019-01-02 23:25:02.003204	2019-01-03 00:02:58.109831	2018-12-20	1	1	\N
410	2018-12-26	99	1	34.78700	\N	\N	34.61400	1000	encerrado	\N	\N	2019-01-02 23:27:53.751061	2019-01-03 00:03:53.764597	2018-12-26	1	1	\N
421	2018-11-08	30	1	34.07460	\N	\N	37.50000	1500	encerrado	\N	\N	2019-01-14 22:49:57.035176	2019-03-12 00:37:15.04187	2019-02-21	1	1	Preço original da compra foi de R$ 51.112. Quantidade original foi de 1000. Papel foi desmembrado em 1 (uma) nova ação para cada 2 (duas) ações da mesma espécie
353	2018-10-31	107	1	3.81230	\N	\N	5.31930	3000	encerrado	\N	\N	2018-11-20 15:30:04.410313	2019-03-12 00:38:12.098069	2019-02-25	1	1	
439	2019-02-27	109	1	4.77000	\N	\N	4.77000	2000	encerrado	\N	\N	2019-03-12 00:41:22.47517	2019-03-12 00:41:22.47517	2019-02-27	1	1	
381	2018-11-19	48	1	17.62000	\N	\N	17.64060	1600	encerrado	\N	\N	2018-12-08 16:28:02.865201	2019-03-12 00:31:00.332114	2019-02-21	1	1	
247	2018-08-02	30	1	30.46000	\N	\N	37.50000	450	encerrado	\N	\N	2018-08-02 23:09:56.502799	2019-03-12 00:32:20.93144	2019-02-21	1	1	Preço original da compra foi de R$ 45.69. Quantidade original foi de 300. Papel foi desmembrado em 1 (uma) nova ação para cada 2 (duas) ações da mesma espécie
441	2019-02-28	6	1	27.03000	\N	\N	27.27000	1000	encerrado	\N	\N	2019-03-12 00:43:08.605449	2019-04-01 23:27:21.305293	2019-02-28	1	1	
440	2019-02-28	112	1	6.38000	\N	\N	6.86000	2000	encerrado	\N	\N	2019-03-12 00:42:08.044093	2019-04-01 23:37:05.313328	2019-03-13	1	1	
454	2019-03-18	57	1	50.01000	\N	\N	50.35000	1000	encerrado	\N	\N	2019-04-01 23:46:56.582374	2019-04-01 23:46:56.582374	2019-03-18	1	1	
455	2019-03-19	30	1	36.43000	\N	\N	36.35330	6000	encerrado	\N	\N	2019-04-01 23:48:48.930878	2019-04-01 23:48:48.930878	2019-03-19	1	1	
458	2018-11-22	57	1	52.26000	\N	\N	51.87000	100	encerrado	\N	\N	2019-05-14 23:51:46.42813	2019-05-14 23:51:46.42813	2019-04-02	1	1	
460	2019-04-12	6	1	26.88000	\N	\N	26.61000	1000	encerrado	\N	\N	2019-05-14 23:55:33.986572	2019-05-14 23:55:33.986572	2019-04-12	1	1	
461	2019-04-22	6	1	27.70000	\N	\N	27.65000	1000	encerrado	\N	\N	2019-05-15 00:11:02.586968	2019-05-15 00:11:02.586968	2019-04-22	1	1	
464	2019-05-17	48	1	18.85900	\N	\N	18.65900	1000	encerrado	\N	\N	2019-06-12 00:25:00.261614	2019-06-12 00:25:00.261614	2019-05-17	1	1	
467	2019-06-10	26	1	15.67000	\N	\N	16.03850	2000	encerrado	\N	\N	2019-06-12 00:59:35.65181	2019-07-16 00:03:52.92417	2019-06-25	1	1	
471	2019-07-05	84	1	19.03000	\N	\N	18.93000	2000	encerrado	\N	\N	2019-07-16 00:12:17.44128	2019-07-16 00:16:23.242806	2019-07-10	1	1	
470	2019-07-04	55	1	10.75000	\N	\N	11.33550	2000	encerrado	\N	\N	2019-07-16 00:11:19.688082	2019-07-16 00:16:55.725725	2019-07-10	1	1	
473	2019-07-10	31	1	48.60000	\N	\N	48.77000	700	encerrado	\N	\N	2019-07-16 00:19:06.830823	2019-07-16 00:19:06.830823	2019-07-10	1	1	
469	2019-07-02	86	1	7.74000	\N	\N	9.23900	4000	encerrado	\N	\N	2019-07-16 00:09:53.67577	2019-11-12 00:06:42.479736	2019-10-17	1	1	
472	2019-07-08	117	1	14.60000	\N	\N	15.16000	1000	encerrado	\N	\N	2019-07-16 00:15:31.040424	2019-07-16 00:19:49.205472	2019-07-11	1	1	
478	2019-07-25	22	1	22.40800	\N	\N	22.40000	1000	em_andamento	\N	\N	2019-07-29 23:40:43.603111	2019-07-29 23:40:43.603111	\N	1	1	
479	2019-07-25	19	1	48.64800	\N	\N	56.32000	500	encerrado	\N	\N	2019-07-29 23:41:47.555762	2019-09-04 22:57:16.374279	2019-08-09	1	1	
474	2019-07-16	61	1	21.10000	\N	\N	22.42000	1000	encerrado	\N	\N	2019-07-29 23:34:41.212068	2019-09-04 22:58:30.639371	2019-08-19	1	1	
483	2019-08-30	84	1	18.73000	\N	\N	18.73000	1500	em_andamento	\N	\N	2019-09-04 23:04:03.664269	2019-09-04 23:04:03.664269	\N	1	1	
484	2019-09-03	94	1	54.36000	\N	\N	54.36000	500	em_andamento	\N	\N	2019-09-04 23:04:55.002501	2019-09-04 23:04:55.002501	\N	1	1	
476	2019-07-17	55	1	11.37000	\N	\N	12.98000	2000	encerrado	\N	\N	2019-07-29 23:36:33.557535	2019-10-04 23:50:54.792494	2019-09-05	1	1	
488	2019-09-10	84	1	18.89000	\N	\N	18.89000	1000	em_andamento	\N	\N	2019-10-05 00:02:14.374603	2019-10-05 00:02:14.374603	\N	1	1	
487	2019-09-06	119	1	56.50000	\N	\N	56.71800	500	encerrado	\N	\N	2019-10-04 23:56:02.647496	2019-10-05 00:03:06.868681	2019-09-16	1	1	
468	2019-06-24	79	1	16.72400	\N	\N	19.58000	2000	encerrado	\N	\N	2019-07-16 00:02:46.682566	2019-10-05 00:05:18.067593	2019-09-19	1	1	
490	2019-09-30	67	1	34.79000	\N	\N	34.59000	1000	encerrado	\N	\N	2019-10-05 00:06:46.90078	2019-10-05 00:06:46.90078	2019-09-30	1	1	
492	2019-10-01	103	1	18.60000	\N	\N	18.60000	1000	em_andamento	\N	\N	2019-11-12 00:02:14.170266	2019-11-12 00:02:14.170266	\N	1	1	
477	2019-07-17	86	1	8.06000	\N	\N	8.44000	1000	encerrado	\N	\N	2019-07-29 23:37:12.572794	2019-11-12 00:03:37.256758	2019-10-08	1	1	
494	2019-10-21	103	1	19.57000	\N	\N	19.75000	1000	em_andamento	\N	\N	2019-11-12 00:08:39.836254	2019-11-12 00:08:39.836254	\N	1	1	
480	2019-07-29	6	1	26.37000	\N	\N	29.69000	1000	encerrado	\N	\N	2019-07-29 23:43:20.680016	2019-11-12 00:11:21.761343	2019-10-29	1	1	
481	2019-07-30	6	1	26.46000	\N	\N	29.69000	1000	encerrado	\N	\N	2019-09-04 22:56:25.70479	2019-11-12 00:11:41.279693	2019-10-29	1	1	
495	2019-11-04	51	1	18.72000	\N	\N	18.72000	2000	em_andamento	\N	\N	2019-11-12 00:15:02.975055	2019-11-12 00:15:02.975055	\N	1	1	
489	2019-09-17	100	1	13.15000	\N	\N	14.15000	3000	encerrado	\N	\N	2019-10-05 00:04:02.45479	2019-11-12 00:15:39.54078	2019-11-05	1	1	
496	2019-11-07	51	1	18.88000	\N	\N	18.88000	1000	em_andamento	\N	\N	2019-11-12 00:16:22.116525	2019-11-12 00:16:22.116525	\N	1	1	
485	2019-08-13	56	1	13.10000	\N	\N	13.10000	1000	encerrado	\N	\N	2019-09-04 23:14:32.541294	2019-11-12 01:01:08.071199	2019-10-18	2	1	
486	2019-08-14	56	1	12.69000	\N	\N	13.10000	1000	encerrado	\N	\N	2019-09-04 23:15:19.021205	2019-11-12 01:01:25.989778	2019-10-18	2	1	
497	2019-11-07	51	1	18.88000	\N	\N	18.88000	1000	em_andamento	\N	\N	2019-12-04 00:32:28.114983	2019-12-04 00:32:28.114983	\N	1	1	
482	2019-08-29	118	1	17.91500	\N	\N	17.84600	500	encerrado	\N	\N	2019-09-04 23:02:59.057508	2019-12-04 00:35:15.77805	2019-11-12	1	1	Preço de compra antes do split por 3. R$ 53.746
475	2019-07-16	46	1	12.38000	\N	\N	12.44250	2000	encerrado	\N	\N	2019-07-29 23:35:24.250658	2019-12-04 00:36:04.622178	2019-11-12	1	1	
491	2019-10-01	92	1	49.94000	\N	\N	50.77000	500	encerrado	\N	\N	2019-11-12 00:01:33.43896	2019-12-04 00:38:06.773765	2019-11-13	1	1	
493	2019-10-21	92	1	51.21000	\N	\N	50.77000	300	encerrado	\N	\N	2019-11-12 00:07:58.60174	2019-12-04 00:38:38.768964	2019-11-13	1	1	
498	2019-11-25	7	1	46.88000	\N	\N	46.88000	500	em_andamento	\N	\N	2019-12-04 00:41:04.013988	2019-12-04 00:41:04.013988	\N	1	1	
499	2019-11-25	10	1	34.93380	\N	\N	34.93380	800	em_andamento	\N	\N	2019-12-04 00:41:54.947053	2019-12-04 00:42:16.958639	\N	1	1	
500	2019-11-28	120	1	67.01000	\N	\N	67.01000	300	em_andamento	\N	\N	2019-12-04 00:45:46.441497	2019-12-04 00:45:46.441497	\N	1	1	
501	2019-11-28	22	1	19.40000	\N	\N	19.40000	1000	em_andamento	\N	\N	2019-12-04 00:46:31.794482	2019-12-04 00:46:31.794482	\N	1	1	
502	2019-11-29	103	1	21.98000	\N	\N	21.98000	1000	em_andamento	\N	\N	2019-12-04 00:47:25.106215	2019-12-04 00:47:25.106215	\N	1	1	
\.


--
-- Data for Name: corretoras; Type: TABLE DATA; Schema: public; Owner: thiagopontes
--

COPY public.corretoras (id, nome, created_at, updated_at, simbolo) FROM stdin;
1	XP Investimentos	2018-05-09 23:35:32.728468	2018-05-09 23:35:32.728468	XP
2	Banco do Brasil	2018-05-09 23:35:40.966683	2018-05-09 23:35:40.966683	BB
\.


--
-- Data for Name: empresas; Type: TABLE DATA; Schema: public; Owner: thiagopontes
--

COPY public.empresas (id, nome, ticker, created_at, updated_at) FROM stdin;
1	BB SEGURIDADE	BBSE3	2017-10-03 23:14:52.698234	2017-10-03 23:14:52.698234
2	CIELO	CIEL3	2017-10-03 23:14:52.707363	2017-10-03 23:14:52.707363
3	ELETROBRAS	ELET3	2017-10-03 23:14:52.715457	2017-10-03 23:14:52.715457
4	EQUATORIAL	EQTL3	2017-10-03 23:14:52.729262	2017-10-03 23:14:52.729262
5	ITAUSA	ITSA3	2017-10-03 23:14:52.744186	2017-10-03 23:14:52.744186
6	PETROBRAS	PETR4	2017-10-03 23:14:52.752851	2017-10-03 23:14:52.752851
7	BANCO DO BRASIL	BBAS3	2017-10-03 23:14:52.766382	2017-10-03 23:14:52.766382
8	KROTON	KROT3	2017-10-03 23:14:52.780794	2017-10-03 23:14:52.780794
9	USIMINAS	USIM5	2017-10-03 23:14:52.788972	2017-10-03 23:14:52.788972
10	GOL	GOLL4	2017-10-03 23:14:52.802456	2017-10-03 23:14:52.802456
11	EMBRAER	EMBR3	2017-10-03 23:14:52.807648	2017-10-03 23:14:52.807648
12	JBS	JBSS3	2017-10-03 23:14:52.810272	2017-10-03 23:14:52.810272
13	GERDAU	GOAU4	2017-10-03 23:14:52.812507	2017-10-03 23:14:52.812507
14	VALE	VALE5	2017-10-03 23:14:52.814803	2017-10-03 23:14:52.814803
17	MOVIDA	MOVI3	2017-10-03 23:14:52.838752	2017-10-03 23:14:52.838752
18	B2W DIGITAL	BTOW3	2017-10-03 23:14:52.852861	2017-10-03 23:14:52.852861
19	TOTVS	TOTS3	2017-10-03 23:14:52.861083	2017-10-03 23:14:52.861083
20	NATURA	NATU3	2017-10-03 23:14:52.874848	2017-10-03 23:14:52.874848
21	CYRELA	CYRE3	2017-10-03 23:14:52.877289	2017-10-03 23:14:52.877289
22	IOCHP-MAXION	MYPK3	2017-10-03 23:14:52.891162	2017-10-03 23:14:52.891162
23	TUPY	TUPY3	2017-10-03 23:14:52.899716	2017-10-03 23:14:52.899716
24	PETRORIO	PRIO3	2017-10-03 23:14:52.913098	2017-10-03 23:14:52.913098
25	MULTIPLAN	MULT3	2017-10-03 23:14:52.927515	2017-10-03 23:14:52.927515
26	KLABIN	KLBN11	2017-10-03 23:14:52.935964	2017-10-03 23:14:52.935964
27	FLEURY	FLRY3	2017-10-03 23:14:52.943265	2017-10-03 23:14:52.943265
28	DIRECIONAL	DIRR3	2017-10-03 23:14:52.946389	2017-10-03 23:14:52.946389
29	SLC AGRICOLA	SLCE3	2017-10-03 23:14:52.949068	2017-10-03 23:14:52.949068
30	ITAU UNIBANCO	ITUB4	2017-10-03 23:14:52.951349	2017-10-03 23:14:52.951349
31	LOJAS RENNER	LREN3	2017-10-03 23:14:52.953672	2017-10-03 23:14:52.953672
32	ALPARGATAS SA PREFERENCE SHARES	ALPA4	2017-10-03 23:45:18.607005	2017-10-03 23:45:18.607005
33	TEGMA GESTAO LOGISTICA SA	TGMA3	2017-10-03 23:45:18.622012	2017-10-03 23:45:18.622012
34	CONSTRUTORA TENDA SA	TEND3	2017-10-03 23:45:18.624574	2017-10-03 23:45:18.624574
35	COMPANHIA DE FERRO LIGAS DA BAH FRBS PREFERENCE SHARES	FESA4	2017-10-03 23:45:18.632298	2017-10-03 23:45:18.632298
36	INDUSTRIAS ROMI SA	ROMI3	2017-10-03 23:45:18.64071	2017-10-03 23:45:18.64071
37	PROFARMA DISTRIBUIDORA DE PRODUTS FRM SA	PFRM3	2017-10-03 23:45:18.649076	2017-10-03 23:45:18.649076
38	MAGNESITA REFRATARIOS SA	MAGG3	2017-10-03 23:45:18.651519	2017-10-03 23:45:18.651519
39	COSAN LOGISTICA SA	RLOG3	2017-10-03 23:45:18.653719	2017-10-03 23:45:18.653719
40	PORTOBELLO S.A.	PTBL3	2017-10-03 23:45:18.656111	2017-10-03 23:45:18.656111
41	COMPANHIA ENERGETICA DE MINAS GERS CEMIG PREFERENCE SHARES	CMIG4	2017-10-03 23:45:18.664132	2017-10-03 23:45:18.664132
42	VALID SOLUCOES E SERVICOS DE SEGURANCA	VLID3	2017-10-03 23:45:18.672435	2017-10-03 23:45:18.672435
43	COMPANHIA ENERGéTICA DE SãO PAULO	CESP6	2017-10-03 23:45:18.68209	2017-10-03 23:45:18.68209
44	COMPANHIA HERING	HGTX3	2017-10-03 23:45:18.684769	2017-10-03 23:45:18.684769
45	BANCO SANTANDER BRASIL SA BRAZILIAN UNITS	SANB11	2017-10-03 23:45:18.687087	2017-10-03 23:45:18.687087
46	TIM PARTICIPACOES SA	TIMP3	2017-10-04 00:29:24.971285	2017-10-04 00:29:24.971285
47	BANRISUL	BRSR6	2017-10-04 00:32:18.52979	2017-10-04 00:32:18.52979
48	GAEC EDUCAçãO SA	ANIM3	2017-10-04 00:34:16.940258	2017-10-04 00:34:16.940258
49	MULTIPLUS SA	MPLU3	2017-10-04 00:38:55.204975	2017-10-04 00:38:55.204975
50	MILLS ESTRUTURAS SERVICOS	MILS3	2017-10-04 00:45:06.209588	2017-10-04 00:45:06.209588
51	MRV ENGENHARIA E PARTICIPACOES SA	MRVE3	2017-10-04 00:47:05.497905	2017-10-04 00:47:05.497905
52	RUMO SA	RAIL3	2017-10-04 00:49:15.793792	2017-10-04 00:49:15.793792
53	IGUATEMI EMPRESA DE SHOPPING CENTERS SA	IGTA3	2017-10-04 00:52:28.323242	2017-10-04 00:52:28.323242
54	COMPANHIA SIDERURGICA NACIONAL	CSNA3	2017-10-04 00:55:03.349037	2017-10-04 00:55:03.349037
55	ECORODOVIAS INFRAESTRUTURA E LOGISTIC SA	ECOR3	2017-10-04 00:56:39.146498	2017-10-04 00:56:39.146498
56	GERDAU S.A	GGBR4	2017-11-06 22:25:27.152986	2017-11-06 22:25:27.152986
57	VALE	VALE3	2017-11-06 22:29:20.069208	2017-11-06 22:29:20.069208
58	UNICASA INDUSTRIA DE MOVEIS S/A	UCAS3	2017-11-06 22:39:15.106212	2017-11-06 22:39:15.106212
59	TPI TRIUNFO PARTICIPACOES E INVEST. SA	TPIS3	2017-11-06 22:39:15.109665	2017-11-06 22:39:15.109665
60	COMPANHIA DE SANEAMENTO DO PARANA SANEPAR 	SAPR4	2017-11-15 15:40:19.474114	2017-11-15 15:40:19.474114
61	INSTITUTO HERMES PARDINI SA	PARD3	2017-11-15 15:45:03.000794	2017-11-15 15:45:03.000794
62	IRB BRASIL RESSEGUROS SA	IRBR3	2017-11-15 15:45:03.004402	2017-11-15 15:45:03.004402
63	MAGAZINE LUIZA	MGLU3	2017-11-19 14:19:31.161026	2017-11-22 22:36:38.517703
65	ENEVA SA	ENEV3	2017-11-27 23:28:47.656011	2017-11-27 23:33:53.595168
15	ELETROPAULO	ELPL3	2017-10-03 23:14:52.817365	2017-11-27 23:38:13.256197
66	WEG S.A.	WEGE3	2017-12-07 22:56:51.674438	2017-12-07 22:56:51.674438
67	M. DIAS BRANCO	MDIA3	2017-12-07 22:56:51.685294	2017-12-07 22:56:51.685294
68	HYPERMARCAS	HYPE3	2017-12-22 16:15:24.396823	2017-12-22 16:15:24.396823
69	RANDON SA IMPLEMENTOS E PARTICIPACOES PREFERENCE SHARES	RAPT4	2017-12-22 16:15:24.401876	2017-12-22 16:15:24.401876
70	SCHULZ S.A	SHUL4	2018-01-06 12:35:16.20633	2018-01-06 12:35:16.20633
71	BRASKEM S.A	BRKM5	2018-01-06 12:39:33.884843	2018-01-06 12:39:33.884843
72	BK BRASIL OPERACAO E ASSESSORIA A RESTAURANTES SA	BKBR3	2018-01-16 00:09:56.422078	2018-01-16 00:09:56.422078
73	LIGHT	LIGT3	2018-01-31 22:33:16.545745	2018-01-31 22:33:16.545745
74	BR MALLS PARTICIPACOES SA	BRML3	2018-01-31 22:38:11.065087	2018-01-31 22:38:11.065087
75	GUARARAPES CONFECCOES SA	GUAR3	2018-02-04 15:54:26.032693	2018-02-04 15:54:26.032693
76	BRADESPAR SA PREFERENCE SHARES	BRAP4	2018-02-15 22:28:58.159061	2018-02-15 22:28:58.159061
77	SANTOS BRASIL PARTICIPACOES SA	STBP3	2018-02-22 01:16:05.413509	2018-02-22 01:16:05.413509
16	SMILES	SMLS3	2017-10-03 23:14:52.825132	2018-02-22 01:20:57.025742
78	PETROBRAS DISTRIBUIDORA SA PN	BRDT3	2018-02-24 12:07:01.989477	2018-02-24 12:07:01.989477
79	LOJAS AMERICANAS SA PREFERENCE SHARES	LAME4	2018-03-06 00:23:11.301585	2018-03-06 00:23:11.301585
80	TRISUL SA	TRIS3	2018-03-12 23:17:50.380364	2018-03-12 23:17:50.380364
81	FIBRIA CELULOSE SA	FIBR3	2018-04-09 23:54:34.525435	2018-04-09 23:54:34.525435
82	ALIANSCE SHOPPING CENTERS SA	ALSC3	2018-04-17 22:07:51.775443	2018-04-17 22:07:51.775443
83	QGEP PARTICIPACOES SA	QGEP3	2018-04-17 22:11:46.765043	2018-04-17 22:11:46.765043
84	AMBEV SA	ABEV3	2018-04-19 01:04:26.117473	2018-04-19 01:04:26.117473
85	LOCALIZA RENT A CAR SA	RENT3	2018-05-09 23:54:29.176971	2018-05-09 23:54:29.176971
86	GRENDENE SA	GRND3	2018-05-10 00:35:31.841875	2018-05-10 00:35:31.841875
87	EVEN CONSTRUTORA E INCORPORADORA SA	EVEN3	2018-05-10 00:37:44.825494	2018-05-10 00:37:44.825494
88	BANCO ABC BRASIL SA	ABCB4	2018-05-17 00:13:12.208159	2018-05-17 00:13:12.208159
89	COMPANHIA PARANAENSE DE ENERGIA	CPLE6	2018-05-24 00:03:08.686144	2018-05-24 00:03:08.686144
90	TAESA	TAEE11	2018-05-24 00:03:08.690329	2018-05-24 00:03:08.690329
91	UNIPAR CARBOCLORO	UNIP6	2018-06-05 23:13:40.900256	2018-06-05 23:13:40.900256
92	SABESP	SBSP3	2018-06-05 23:21:02.705318	2018-06-05 23:21:02.705318
93	TRANSMISSãO PAULISTA	TRPL4	2018-06-05 23:21:02.710873	2018-06-05 23:21:02.710873
94	CVC BRASIL OPERADORA E AGÊNCIA DE VIAGENS S.A	CVCB3	2018-06-22 09:55:05.568046	2018-06-22 09:55:05.568046
95	ENGIE BRASIL ENERGIA SA	EGIE3	2018-06-22 09:55:05.576398	2018-06-22 09:55:05.576398
96	VIVO	VIVT4	2018-06-30 09:26:54.127533	2018-06-30 09:26:54.127533
97	EDP ENERGIAS DO BRASIL SA	ENBR3	2018-07-23 12:41:14.732072	2018-07-23 12:41:14.732072
98	SUZANO PAPEL E CELULOSE SA	SUZB3	2018-07-26 00:30:47.2786	2018-07-26 00:30:47.2786
99	AZUL SA	AZUL4	2018-07-28 12:04:31.799409	2018-07-28 12:04:31.799409
100	ITAUSA INVESTIMENTOS ITAU SA PREFERENCE SHARES	ITSA4	2018-08-20 23:00:02.694477	2018-08-20 23:00:02.694477
101	ODONTOPREV SA	ODPV3	2018-08-20 23:05:05.208025	2018-08-20 23:05:05.208025
102	COMPANHIA DE SANEAMENTO DO PARANA SANEPAR	SAPR11	2018-08-30 00:00:45.366672	2018-08-30 00:00:45.366672
103	ULTRAPAR PARTICIPACOES SA	UGPA3	2018-09-24 23:58:31.456606	2018-09-24 23:58:31.456606
104	VIA VAREJO SA BRAZILIAN UNITS	VVAR11	2018-09-25 00:15:25.098567	2018-09-25 00:15:25.098567
105	BANCO INTERMEDIUM	BIDI4	2018-09-25 00:26:06.844506	2018-09-25 00:26:06.844506
106	MAHLE-METAL LEVE	LEVE3	2018-10-03 23:56:11.823725	2018-10-03 23:56:11.823725
107	LPS BRASIL - CONSULTORIA DE IMOVEIS SA	LPSB3	2018-11-20 15:29:13.311932	2018-11-20 15:29:13.311932
108	BANCO BRADESCO SA PREFERENCE SHARES	BBDC4	2018-12-08 16:31:04.440091	2018-12-08 16:31:04.440091
109	VIA VAREJO SA BRAZILIAN	VVAR3	2019-01-14 22:27:15.247403	2019-01-14 22:27:15.247403
110	AREZZO	ARZZ3	2019-03-12 00:16:23.844254	2019-03-12 00:16:23.844254
111	LOJAS MARISA	AMAR3	2019-03-12 00:26:10.469562	2019-03-12 00:26:10.469562
112	MINERVA FOODS	BEEF3	2019-03-12 00:27:58.366958	2019-03-12 00:27:58.366958
113	VULCABRAS AZALEIA	VULC3	2019-04-01 23:34:06.639169	2019-04-01 23:34:06.639169
114	PETROLEO BRASILEIRO SA PETROBRAS	PETR3	2019-04-01 23:34:06.727571	2019-04-01 23:34:06.727571
115	GRUPO CCR	CCRO3	2019-06-12 00:33:48.885448	2019-06-12 00:33:48.885448
117	CENTAURO	CNTO3	2019-07-16 00:14:40.083917	2019-07-16 00:14:40.083917
118	LOCAMERICA	LCAM3	2019-09-04 23:02:31.693766	2019-09-04 23:02:31.693766
119	PORTO SEGURO	PSSA3	2019-10-04 23:54:47.207098	2019-10-04 23:54:47.207098
120	COMPANIA DE SANEAMENTO DE MINAS GERAIS - COPASA MG	CSMG3	2019-12-04 00:44:48.910772	2019-12-04 00:44:48.910772
\.


--
-- Data for Name: papers; Type: TABLE DATA; Schema: public; Owner: thiagopontes
--

COPY public.papers (id, name, code, created_at, updated_at) FROM stdin;
\.


--
-- Data for Name: schema_migrations; Type: TABLE DATA; Schema: public; Owner: thiagopontes
--

COPY public.schema_migrations (version) FROM stdin;
20161024223713
20161108222618
20161108222942
20170908233047
20170908234612
20171004230003
20180226235117
20180509233206
20180509233238
20180510001830
20180510004711
20180510004755
20180616145735
20190114225045
\.


--
-- Data for Name: tipo_de_operacoes; Type: TABLE DATA; Schema: public; Owner: thiagopontes
--

COPY public.tipo_de_operacoes (id, nome, created_at, updated_at) FROM stdin;
1	Compra	2018-05-10 00:54:37.220184	2018-05-10 00:54:37.220184
2	Venda	2018-05-10 00:54:41.27223	2018-05-10 00:54:41.27223
\.


--
-- Data for Name: users; Type: TABLE DATA; Schema: public; Owner: thiagopontes
--

COPY public.users (id, email, encrypted_password, reset_password_token, reset_password_sent_at, remember_created_at, sign_in_count, current_sign_in_at, last_sign_in_at, current_sign_in_ip, last_sign_in_ip, confirmation_token, confirmed_at, confirmation_sent_at, unconfirmed_email, failed_attempts, unlock_token, locked_at, created_at, updated_at, filtro_da_carteira) FROM stdin;
1	tnevesp@gmail.com	$2a$11$/tEdLHp62d7lX0l.5wwUR.PwFATSMsSV/efVJsIfRRIRbhg5B5FvG	\N	\N	\N	151	2019-12-14 13:47:58.303278	2019-12-04 00:31:37.778452	::1	::1	\N	2017-11-15 00:00:00	\N	\N	0	\N	\N	2017-10-03 23:14:52.676574	2019-12-14 13:47:58.306416	"{}"
\.


--
-- Data for Name: wallets; Type: TABLE DATA; Schema: public; Owner: thiagopontes
--

COPY public.wallets (id, paper_id, user_id, purchased_price, quantity, purchased_at, sold_at, sold_price, status, created_at, updated_at) FROM stdin;
\.


--
-- Name: carteiras_id_seq; Type: SEQUENCE SET; Schema: public; Owner: thiagopontes
--

SELECT pg_catalog.setval('public.carteiras_id_seq', 502, true);


--
-- Name: corretoras_id_seq; Type: SEQUENCE SET; Schema: public; Owner: thiagopontes
--

SELECT pg_catalog.setval('public.corretoras_id_seq', 2, true);


--
-- Name: empresas_id_seq; Type: SEQUENCE SET; Schema: public; Owner: thiagopontes
--

SELECT pg_catalog.setval('public.empresas_id_seq', 120, true);


--
-- Name: papers_id_seq; Type: SEQUENCE SET; Schema: public; Owner: thiagopontes
--

SELECT pg_catalog.setval('public.papers_id_seq', 1, false);


--
-- Name: tipo_de_operacoes_id_seq; Type: SEQUENCE SET; Schema: public; Owner: thiagopontes
--

SELECT pg_catalog.setval('public.tipo_de_operacoes_id_seq', 2, true);


--
-- Name: users_id_seq; Type: SEQUENCE SET; Schema: public; Owner: thiagopontes
--

SELECT pg_catalog.setval('public.users_id_seq', 1, true);


--
-- Name: wallets_id_seq; Type: SEQUENCE SET; Schema: public; Owner: thiagopontes
--

SELECT pg_catalog.setval('public.wallets_id_seq', 1, false);


--
-- Name: ar_internal_metadata ar_internal_metadata_pkey; Type: CONSTRAINT; Schema: public; Owner: thiagopontes
--

ALTER TABLE ONLY public.ar_internal_metadata
    ADD CONSTRAINT ar_internal_metadata_pkey PRIMARY KEY (key);


--
-- Name: carteiras carteiras_pkey; Type: CONSTRAINT; Schema: public; Owner: thiagopontes
--

ALTER TABLE ONLY public.carteiras
    ADD CONSTRAINT carteiras_pkey PRIMARY KEY (id);


--
-- Name: corretoras corretoras_pkey; Type: CONSTRAINT; Schema: public; Owner: thiagopontes
--

ALTER TABLE ONLY public.corretoras
    ADD CONSTRAINT corretoras_pkey PRIMARY KEY (id);


--
-- Name: empresas empresas_pkey; Type: CONSTRAINT; Schema: public; Owner: thiagopontes
--

ALTER TABLE ONLY public.empresas
    ADD CONSTRAINT empresas_pkey PRIMARY KEY (id);


--
-- Name: papers papers_pkey; Type: CONSTRAINT; Schema: public; Owner: thiagopontes
--

ALTER TABLE ONLY public.papers
    ADD CONSTRAINT papers_pkey PRIMARY KEY (id);


--
-- Name: schema_migrations schema_migrations_pkey; Type: CONSTRAINT; Schema: public; Owner: thiagopontes
--

ALTER TABLE ONLY public.schema_migrations
    ADD CONSTRAINT schema_migrations_pkey PRIMARY KEY (version);


--
-- Name: tipo_de_operacoes tipo_de_operacoes_pkey; Type: CONSTRAINT; Schema: public; Owner: thiagopontes
--

ALTER TABLE ONLY public.tipo_de_operacoes
    ADD CONSTRAINT tipo_de_operacoes_pkey PRIMARY KEY (id);


--
-- Name: users users_pkey; Type: CONSTRAINT; Schema: public; Owner: thiagopontes
--

ALTER TABLE ONLY public.users
    ADD CONSTRAINT users_pkey PRIMARY KEY (id);


--
-- Name: wallets wallets_pkey; Type: CONSTRAINT; Schema: public; Owner: thiagopontes
--

ALTER TABLE ONLY public.wallets
    ADD CONSTRAINT wallets_pkey PRIMARY KEY (id);


--
-- Name: index_carteiras_on_corretora_id; Type: INDEX; Schema: public; Owner: thiagopontes
--

CREATE INDEX index_carteiras_on_corretora_id ON public.carteiras USING btree (corretora_id);


--
-- Name: index_carteiras_on_empresa_id; Type: INDEX; Schema: public; Owner: thiagopontes
--

CREATE INDEX index_carteiras_on_empresa_id ON public.carteiras USING btree (empresa_id);


--
-- Name: index_carteiras_on_tipo_de_operacao_id; Type: INDEX; Schema: public; Owner: thiagopontes
--

CREATE INDEX index_carteiras_on_tipo_de_operacao_id ON public.carteiras USING btree (tipo_de_operacao_id);


--
-- Name: index_carteiras_on_user_id; Type: INDEX; Schema: public; Owner: thiagopontes
--

CREATE INDEX index_carteiras_on_user_id ON public.carteiras USING btree (user_id);


--
-- Name: index_users_on_confirmation_token; Type: INDEX; Schema: public; Owner: thiagopontes
--

CREATE UNIQUE INDEX index_users_on_confirmation_token ON public.users USING btree (confirmation_token);


--
-- Name: index_users_on_email; Type: INDEX; Schema: public; Owner: thiagopontes
--

CREATE UNIQUE INDEX index_users_on_email ON public.users USING btree (email);


--
-- Name: index_users_on_filtro_da_carteira; Type: INDEX; Schema: public; Owner: thiagopontes
--

CREATE INDEX index_users_on_filtro_da_carteira ON public.users USING gin (filtro_da_carteira);


--
-- Name: index_users_on_reset_password_token; Type: INDEX; Schema: public; Owner: thiagopontes
--

CREATE UNIQUE INDEX index_users_on_reset_password_token ON public.users USING btree (reset_password_token);


--
-- Name: index_users_on_unlock_token; Type: INDEX; Schema: public; Owner: thiagopontes
--

CREATE UNIQUE INDEX index_users_on_unlock_token ON public.users USING btree (unlock_token);


--
-- Name: index_wallets_on_paper_id; Type: INDEX; Schema: public; Owner: thiagopontes
--

CREATE INDEX index_wallets_on_paper_id ON public.wallets USING btree (paper_id);


--
-- Name: index_wallets_on_user_id; Type: INDEX; Schema: public; Owner: thiagopontes
--

CREATE INDEX index_wallets_on_user_id ON public.wallets USING btree (user_id);


--
-- Name: carteiras fk_rails_614cd1232f; Type: FK CONSTRAINT; Schema: public; Owner: thiagopontes
--

ALTER TABLE ONLY public.carteiras
    ADD CONSTRAINT fk_rails_614cd1232f FOREIGN KEY (empresa_id) REFERENCES public.empresas(id);


--
-- Name: carteiras fk_rails_6f9ca9eb11; Type: FK CONSTRAINT; Schema: public; Owner: thiagopontes
--

ALTER TABLE ONLY public.carteiras
    ADD CONSTRAINT fk_rails_6f9ca9eb11 FOREIGN KEY (corretora_id) REFERENCES public.corretoras(id);


--
-- Name: wallets fk_rails_732f6628c4; Type: FK CONSTRAINT; Schema: public; Owner: thiagopontes
--

ALTER TABLE ONLY public.wallets
    ADD CONSTRAINT fk_rails_732f6628c4 FOREIGN KEY (user_id) REFERENCES public.users(id);


--
-- Name: carteiras fk_rails_d45428193c; Type: FK CONSTRAINT; Schema: public; Owner: thiagopontes
--

ALTER TABLE ONLY public.carteiras
    ADD CONSTRAINT fk_rails_d45428193c FOREIGN KEY (tipo_de_operacao_id) REFERENCES public.tipo_de_operacoes(id);


--
-- Name: wallets fk_rails_dc556508aa; Type: FK CONSTRAINT; Schema: public; Owner: thiagopontes
--

ALTER TABLE ONLY public.wallets
    ADD CONSTRAINT fk_rails_dc556508aa FOREIGN KEY (paper_id) REFERENCES public.papers(id);


--
-- Name: carteiras fk_rails_de49e3f2ea; Type: FK CONSTRAINT; Schema: public; Owner: thiagopontes
--

ALTER TABLE ONLY public.carteiras
    ADD CONSTRAINT fk_rails_de49e3f2ea FOREIGN KEY (user_id) REFERENCES public.users(id);


--
-- PostgreSQL database dump complete
--

