--
-- PostgreSQL database dump
--

-- Dumped from database version 9.5.5
-- Dumped by pg_dump version 9.5.5

SET statement_timeout = 0;
SET lock_timeout = 0;
SET client_encoding = 'UTF8';
SET standard_conforming_strings = on;
SET check_function_bodies = false;
SET client_min_messages = warning;
SET row_security = off;

--
-- Name: plpgsql; Type: EXTENSION; Schema: -; Owner: 
--

CREATE EXTENSION IF NOT EXISTS plpgsql WITH SCHEMA pg_catalog;


--
-- Name: EXTENSION plpgsql; Type: COMMENT; Schema: -; Owner: 
--

COMMENT ON EXTENSION plpgsql IS 'PL/pgSQL procedural language';


--
-- Name: citext; Type: EXTENSION; Schema: -; Owner: 
--

CREATE EXTENSION IF NOT EXISTS citext WITH SCHEMA public;


--
-- Name: EXTENSION citext; Type: COMMENT; Schema: -; Owner: 
--

COMMENT ON EXTENSION citext IS 'data type for case-insensitive character strings';


SET search_path = public, pg_catalog;

SET default_tablespace = '';

SET default_with_oids = false;

--
-- Name: ar_internal_metadata; Type: TABLE; Schema: public; Owner: thiagopontes
--

CREATE TABLE ar_internal_metadata (
    key character varying NOT NULL,
    value character varying,
    created_at timestamp without time zone NOT NULL,
    updated_at timestamp without time zone NOT NULL
);


ALTER TABLE ar_internal_metadata OWNER TO thiagopontes;

--
-- Name: carteiras; Type: TABLE; Schema: public; Owner: thiagopontes
--

CREATE TABLE carteiras (
    id integer NOT NULL,
    data_da_compra date,
    empresa_id integer,
    user_id integer,
    entrada numeric(11,2),
    alvo numeric(11,2),
    stop numeric(11,2),
    atual numeric(5,2),
    quantidade integer,
    situacao character varying,
    total_da_compra numeric(11,2),
    total_da_venda numeric(11,2),
    created_at timestamp without time zone NOT NULL,
    updated_at timestamp without time zone NOT NULL,
    data_da_venda date,
    corretora_id integer
);


ALTER TABLE carteiras OWNER TO thiagopontes;

--
-- Name: carteiras_id_seq; Type: SEQUENCE; Schema: public; Owner: thiagopontes
--

CREATE SEQUENCE carteiras_id_seq
    START WITH 1
    INCREMENT BY 1
    NO MINVALUE
    NO MAXVALUE
    CACHE 1;


ALTER TABLE carteiras_id_seq OWNER TO thiagopontes;

--
-- Name: carteiras_id_seq; Type: SEQUENCE OWNED BY; Schema: public; Owner: thiagopontes
--

ALTER SEQUENCE carteiras_id_seq OWNED BY carteiras.id;


--
-- Name: corretoras; Type: TABLE; Schema: public; Owner: thiagopontes
--

CREATE TABLE corretoras (
    id integer NOT NULL,
    nome character varying,
    created_at timestamp without time zone NOT NULL,
    updated_at timestamp without time zone NOT NULL
);


ALTER TABLE corretoras OWNER TO thiagopontes;

--
-- Name: corretoras_id_seq; Type: SEQUENCE; Schema: public; Owner: thiagopontes
--

CREATE SEQUENCE corretoras_id_seq
    START WITH 1
    INCREMENT BY 1
    NO MINVALUE
    NO MAXVALUE
    CACHE 1;


ALTER TABLE corretoras_id_seq OWNER TO thiagopontes;

--
-- Name: corretoras_id_seq; Type: SEQUENCE OWNED BY; Schema: public; Owner: thiagopontes
--

ALTER SEQUENCE corretoras_id_seq OWNED BY corretoras.id;


--
-- Name: empresas; Type: TABLE; Schema: public; Owner: thiagopontes
--

CREATE TABLE empresas (
    id integer NOT NULL,
    nome character varying,
    ticker character varying,
    created_at timestamp without time zone NOT NULL,
    updated_at timestamp without time zone NOT NULL
);


ALTER TABLE empresas OWNER TO thiagopontes;

--
-- Name: empresas_id_seq; Type: SEQUENCE; Schema: public; Owner: thiagopontes
--

CREATE SEQUENCE empresas_id_seq
    START WITH 1
    INCREMENT BY 1
    NO MINVALUE
    NO MAXVALUE
    CACHE 1;


ALTER TABLE empresas_id_seq OWNER TO thiagopontes;

--
-- Name: empresas_id_seq; Type: SEQUENCE OWNED BY; Schema: public; Owner: thiagopontes
--

ALTER SEQUENCE empresas_id_seq OWNED BY empresas.id;


--
-- Name: papers; Type: TABLE; Schema: public; Owner: thiagopontes
--

CREATE TABLE papers (
    id integer NOT NULL,
    name character varying,
    code character varying,
    created_at timestamp without time zone NOT NULL,
    updated_at timestamp without time zone NOT NULL
);


ALTER TABLE papers OWNER TO thiagopontes;

--
-- Name: papers_id_seq; Type: SEQUENCE; Schema: public; Owner: thiagopontes
--

CREATE SEQUENCE papers_id_seq
    START WITH 1
    INCREMENT BY 1
    NO MINVALUE
    NO MAXVALUE
    CACHE 1;


ALTER TABLE papers_id_seq OWNER TO thiagopontes;

--
-- Name: papers_id_seq; Type: SEQUENCE OWNED BY; Schema: public; Owner: thiagopontes
--

ALTER SEQUENCE papers_id_seq OWNED BY papers.id;


--
-- Name: schema_migrations; Type: TABLE; Schema: public; Owner: thiagopontes
--

CREATE TABLE schema_migrations (
    version character varying NOT NULL
);


ALTER TABLE schema_migrations OWNER TO thiagopontes;

--
-- Name: users; Type: TABLE; Schema: public; Owner: thiagopontes
--

CREATE TABLE users (
    id integer NOT NULL,
    email character varying DEFAULT ''::character varying NOT NULL,
    encrypted_password character varying DEFAULT ''::character varying NOT NULL,
    reset_password_token character varying,
    reset_password_sent_at timestamp without time zone,
    remember_created_at timestamp without time zone,
    sign_in_count integer DEFAULT 0 NOT NULL,
    current_sign_in_at timestamp without time zone,
    last_sign_in_at timestamp without time zone,
    current_sign_in_ip inet,
    last_sign_in_ip inet,
    confirmation_token character varying,
    confirmed_at timestamp without time zone,
    confirmation_sent_at timestamp without time zone,
    unconfirmed_email character varying,
    failed_attempts integer DEFAULT 0 NOT NULL,
    unlock_token character varying,
    locked_at timestamp without time zone,
    created_at timestamp without time zone NOT NULL,
    updated_at timestamp without time zone NOT NULL,
    filtro_da_carteira jsonb DEFAULT '"{}"'::jsonb NOT NULL
);


ALTER TABLE users OWNER TO thiagopontes;

--
-- Name: users_id_seq; Type: SEQUENCE; Schema: public; Owner: thiagopontes
--

CREATE SEQUENCE users_id_seq
    START WITH 1
    INCREMENT BY 1
    NO MINVALUE
    NO MAXVALUE
    CACHE 1;


ALTER TABLE users_id_seq OWNER TO thiagopontes;

--
-- Name: users_id_seq; Type: SEQUENCE OWNED BY; Schema: public; Owner: thiagopontes
--

ALTER SEQUENCE users_id_seq OWNED BY users.id;


--
-- Name: wallets; Type: TABLE; Schema: public; Owner: thiagopontes
--

CREATE TABLE wallets (
    id integer NOT NULL,
    paper_id integer,
    user_id integer,
    purchased_price numeric(8,2),
    quantity integer,
    purchased_at date,
    sold_at date,
    sold_price numeric(8,2),
    status character varying,
    created_at timestamp without time zone NOT NULL,
    updated_at timestamp without time zone NOT NULL
);


ALTER TABLE wallets OWNER TO thiagopontes;

--
-- Name: wallets_id_seq; Type: SEQUENCE; Schema: public; Owner: thiagopontes
--

CREATE SEQUENCE wallets_id_seq
    START WITH 1
    INCREMENT BY 1
    NO MINVALUE
    NO MAXVALUE
    CACHE 1;


ALTER TABLE wallets_id_seq OWNER TO thiagopontes;

--
-- Name: wallets_id_seq; Type: SEQUENCE OWNED BY; Schema: public; Owner: thiagopontes
--

ALTER SEQUENCE wallets_id_seq OWNED BY wallets.id;


--
-- Name: id; Type: DEFAULT; Schema: public; Owner: thiagopontes
--

ALTER TABLE ONLY carteiras ALTER COLUMN id SET DEFAULT nextval('carteiras_id_seq'::regclass);


--
-- Name: id; Type: DEFAULT; Schema: public; Owner: thiagopontes
--

ALTER TABLE ONLY corretoras ALTER COLUMN id SET DEFAULT nextval('corretoras_id_seq'::regclass);


--
-- Name: id; Type: DEFAULT; Schema: public; Owner: thiagopontes
--

ALTER TABLE ONLY empresas ALTER COLUMN id SET DEFAULT nextval('empresas_id_seq'::regclass);


--
-- Name: id; Type: DEFAULT; Schema: public; Owner: thiagopontes
--

ALTER TABLE ONLY papers ALTER COLUMN id SET DEFAULT nextval('papers_id_seq'::regclass);


--
-- Name: id; Type: DEFAULT; Schema: public; Owner: thiagopontes
--

ALTER TABLE ONLY users ALTER COLUMN id SET DEFAULT nextval('users_id_seq'::regclass);


--
-- Name: id; Type: DEFAULT; Schema: public; Owner: thiagopontes
--

ALTER TABLE ONLY wallets ALTER COLUMN id SET DEFAULT nextval('wallets_id_seq'::regclass);


--
-- Data for Name: ar_internal_metadata; Type: TABLE DATA; Schema: public; Owner: thiagopontes
--

COPY ar_internal_metadata (key, value, created_at, updated_at) FROM stdin;
environment	development	2017-10-03 23:14:33.70932	2018-02-26 23:55:47.566181
\.


--
-- Data for Name: carteiras; Type: TABLE DATA; Schema: public; Owner: thiagopontes
--

COPY carteiras (id, data_da_compra, empresa_id, user_id, entrada, alvo, stop, atual, quantidade, situacao, total_da_compra, total_da_venda, created_at, updated_at, data_da_venda, corretora_id) FROM stdin;
28	2017-07-17	50	1	3.95	5.10	3.94	3.92	3000	encerrado	\N	\N	2017-10-04 00:45:39.191657	2017-10-22 20:57:03.263623	2017-07-24	\N
24	2017-07-24	49	1	40.84	47.21	39.14	38.81	400	encerrado	\N	\N	2017-10-04 00:40:05.142069	2017-10-22 20:59:04.856736	2017-07-26	\N
26	2017-07-19	16	1	66.45	75.00	63.40	63.32	300	encerrado	\N	\N	2017-10-04 00:43:07.237226	2017-10-22 20:59:45.110807	2017-07-26	\N
32	2017-07-03	53	1	33.18	36.16	31.35	36.16	500	encerrado	\N	\N	2017-10-04 00:53:23.194891	2017-10-22 21:00:26.851139	2017-07-28	\N
30	2017-07-12	52	1	9.07	10.55	8.66	10.55	1700	encerrado	\N	\N	2017-10-04 00:49:52.38234	2017-10-22 21:01:12.363596	2017-08-02	\N
27	2017-07-19	22	1	17.51	19.45	16.66	19.45	1000	encerrado	\N	\N	2017-10-04 00:43:49.720213	2017-10-22 21:05:52.99749	2017-08-15	\N
29	2017-07-14	51	1	13.84	16.10	13.00	13.30	1200	encerrado	\N	\N	2017-10-04 00:47:55.147915	2017-10-22 21:08:07.385424	2017-08-16	\N
22	2017-08-22	48	1	17.34	18.70	15.97	18.70	600	encerrado	\N	\N	2017-10-04 00:35:17.330734	2017-10-22 21:10:14.61322	2017-08-28	\N
19	2017-08-22	46	1	11.51	13.21	11.23	11.23	1500	encerrado	\N	\N	2017-10-04 00:29:58.985298	2017-10-22 21:12:08.074879	2017-08-31	\N
23	2017-07-27	11	1	16.12	18.45	16.27	18.45	1200	encerrado	\N	\N	2017-10-04 00:37:23.481745	2017-10-22 21:13:49.332552	2017-09-12	\N
78	2018-01-09	57	1	43.70	\N	\N	43.59	2000	encerrado	\N	\N	2018-01-15 23:39:03.260433	2018-01-15 23:39:03.260433	2018-01-09	\N
79	2018-01-10	6	1	17.02	\N	\N	16.94	3000	encerrado	\N	\N	2018-01-15 23:40:51.156425	2018-01-15 23:40:51.156425	2018-01-10	\N
69	2017-12-18	48	1	26.80	\N	\N	27.32	600	encerrado	\N	\N	2017-12-22 16:12:00.217906	2018-01-15 23:42:35.153933	2018-01-15	\N
6	2017-09-25	39	1	8.63	9.99	8.87	8.71	1000	encerrado	\N	\N	2017-10-03 23:55:14.819987	2017-11-06 22:44:13.838026	2017-11-03	\N
7	2017-10-03	32	1	16.22	\N	16.81	16.68	700	encerrado	\N	\N	2017-10-03 23:57:06.061906	2017-11-15 15:53:18.439725	2017-11-07	\N
2	2017-10-03	35	1	15.29	\N	14.45	15.85	800	encerrado	\N	\N	2017-10-03 23:49:03.087743	2017-11-15 15:53:55.129517	2017-11-07	\N
3	2017-10-03	36	1	6.07	\N	5.63	6.75	1000	encerrado	\N	\N	2017-10-03 23:49:43.494722	2017-11-15 15:54:20.28738	2017-11-07	\N
16	2017-08-24	33	1	15.91	17.45	15.31	17.45	1000	encerrado	\N	\N	2017-10-04 00:21:33.308262	2017-10-25 22:56:21.08476	2017-09-08	\N
12	2017-09-18	42	1	20.45	24.08	19.19	19.50	500	encerrado	\N	\N	2017-10-04 00:11:51.967802	2017-10-25 22:57:48.789808	2017-10-23	\N
9	2017-09-25	40	1	5.06	6.08	5.21	5.67	1500	encerrado	\N	\N	2017-10-04 00:04:57.961356	2017-11-15 15:55:18.198725	2017-11-07	\N
84	2018-01-31	74	1	13.17	\N	\N	11.87	1400	encerrado	\N	\N	2018-01-31 22:39:09.466288	2018-02-15 22:26:26.714523	2018-02-09	\N
82	2018-01-29	73	1	17.03	\N	\N	15.22	600	encerrado	\N	\N	2018-01-31 22:34:35.731579	2018-02-15 22:26:46.339761	2018-02-09	\N
17	2017-08-24	45	1	28.23	35.97	27.12	28.55	600	encerrado	\N	\N	2017-10-04 00:25:35.175915	2017-11-19 14:14:43.743727	2017-11-14	\N
5	2017-10-02	38	1	41.06	60.20	38.04	52.00	300	encerrado	\N	\N	2017-10-03 23:52:45.506126	2017-12-22 16:02:05.732933	2017-12-12	\N
64	2017-12-06	66	1	24.03	\N	\N	22.29	700	encerrado	\N	\N	2017-12-07 22:59:44.184506	2017-12-22 16:02:36.328681	2017-12-12	\N
74	2018-01-02	40	1	5.57	\N	\N	5.21	1800	encerrado	\N	\N	2018-01-06 12:37:15.370296	2018-02-15 22:27:05.133168	2018-02-09	\N
65	2017-12-13	38	1	51.98	\N	\N	49.70	300	encerrado	\N	\N	2017-12-22 16:03:55.889161	2017-12-22 16:11:09.353632	2017-12-18	\N
86	2018-02-15	76	1	34.14	\N	\N	30.87	700	encerrado	\N	\N	2018-02-15 22:30:10.103142	2018-04-19 00:52:53.365883	2018-04-04	\N
95	2018-02-23	78	1	22.19	\N	\N	21.66	700	encerrado	\N	\N	2018-02-24 12:07:29.622528	2018-04-19 00:53:30.205396	2018-04-04	\N
60	2017-10-26	39	1	7.88	\N	\N	8.27	258	encerrado	\N	\N	2017-12-07 22:35:52.574322	2017-12-28 00:20:47.781198	2017-12-14	\N
8	2017-10-03	33	1	20.88	\N	19.50	19.50	500	encerrado	\N	\N	2017-10-03 23:57:57.628383	2017-11-06 22:32:31.196979	2017-10-26	\N
25	2017-07-19	30	1	37.39	45.00	42.71	42.70	500	encerrado	\N	\N	2017-10-04 00:41:30.149684	2017-11-06 22:40:28.392227	2017-10-30	\N
4	2017-10-02	37	1	9.03	11.29	8.31	8.26	1200	encerrado	\N	\N	2017-10-03 23:51:53.765418	2017-11-06 22:43:12.273713	2017-10-31	\N
11	2017-09-13	43	1	15.19	16.80	14.58	14.13	800	encerrado	\N	\N	2017-10-04 00:09:31.295474	2017-10-22 21:14:46.050481	2017-09-15	\N
14	2017-09-05	1	1	28.39	31.75	28.29	28.19	500	encerrado	\N	\N	2017-10-04 00:18:36.991621	2017-10-22 21:15:38.081441	2017-09-22	\N
10	2017-09-18	41	1	9.20	11.73	8.30	8.30	1300	encerrado	\N	\N	2017-10-04 00:07:45.168188	2017-10-22 21:16:26.887844	2017-09-25	\N
20	2017-08-22	4	1	61.00	72.00	58.77	60.87	200	encerrado	\N	\N	2017-10-04 00:31:11.993858	2017-10-22 21:17:01.891865	2017-09-25	\N
31	2017-07-10	31	1	27.87	32.00	33.90	33.87	500	encerrado	\N	\N	2017-10-04 00:51:14.948357	2017-10-22 21:17:32.039542	2017-09-25	\N
13	2017-09-11	44	1	27.65	31.66	26.19	27.55	600	encerrado	\N	\N	2017-10-04 00:15:53.850848	2017-10-22 21:18:18.704398	2017-09-27	\N
18	2017-08-24	22	1	19.65	26.30	18.85	21.04	800	encerrado	\N	\N	2017-10-04 00:26:07.994903	2017-10-22 21:18:47.915814	2017-09-27	\N
21	2017-08-22	47	1	16.00	18.40	14.95	14.80	1100	encerrado	\N	\N	2017-10-04 00:33:08.576008	2017-10-22 21:20:26.768627	2017-10-09	\N
1	2017-10-03	34	1	16.75	\N	15.80	25.45	500	encerrado	\N	\N	2017-10-03 23:46:26.176508	2018-03-15 01:36:16.333135	2018-03-15	\N
98	2018-03-01	57	1	45.53	\N	\N	44.90	2000	encerrado	\N	\N	2018-03-06 00:20:49.858789	2018-03-06 00:20:49.858789	2018-03-01	\N
89	2018-02-16	57	1	45.89	\N	\N	45.65	4000	encerrado	\N	\N	2018-02-19 23:52:49.204801	2018-02-19 23:52:49.204801	2018-02-16	\N
91	2018-02-01	75	1	159.00	\N	\N	150.14	100	encerrado	\N	\N	2018-02-19 23:55:51.941445	2018-02-19 23:55:51.941445	2018-02-19	\N
92	2018-02-21	56	1	16.37	\N	\N	16.30	2000	encerrado	\N	\N	2018-02-21 00:20:54.184402	2018-02-21 00:20:54.184402	2018-02-21	\N
81	2017-12-18	72	1	18.00	\N	\N	17.02	1682	encerrado	\N	\N	2018-01-16 00:11:45.597	2018-01-31 22:40:07.68022	2018-01-31	\N
73	2017-12-27	17	1	7.23	\N	\N	7.25	2000	encerrado	\N	\N	2017-12-27 23:38:03.436433	2018-04-19 01:01:04.339624	2018-04-03	\N
100	2018-03-09	6	1	21.95	\N	\N	22.00	700	encerrado	\N	\N	2018-03-12 23:19:51.613544	2018-03-12 23:19:51.613544	2018-03-09	\N
77	2018-01-05	34	1	20.19	\N	\N	25.45	300	encerrado	\N	\N	2018-01-06 12:41:50.172445	2018-03-14 23:34:56.148453	2018-03-14	\N
96	2018-02-26	44	1	23.91	\N	\N	19.86	600	encerrado	\N	\N	2018-02-26 23:34:02.521859	2018-04-19 00:55:44.5751	2018-04-04	\N
102	2018-03-13	48	1	26.88	\N	\N	23.42	600	em_andamento	\N	\N	2018-03-13 21:45:38.559408	2018-04-19 01:08:53.450983	\N	\N
105	2018-03-19	48	1	26.77	\N	\N	23.42	400	em_andamento	\N	\N	2018-03-19 22:11:18.7104	2018-04-19 01:08:53.444188	\N	\N
88	2018-02-15	17	1	8.06	\N	\N	8.31	1000	em_andamento	\N	\N	2018-02-15 22:34:09.001861	2018-04-19 01:08:54.364301	\N	\N
15	2017-08-28	15	1	16.00	18.82	15.57	17.82	1000	encerrado	\N	\N	2017-10-04 00:19:20.504544	2018-03-13 21:44:49.767466	2018-03-13	\N
72	2017-12-21	69	1	6.60	\N	\N	8.69	2000	em_andamento	\N	\N	2017-12-22 16:16:24.069898	2018-04-19 01:08:55.286996	\N	\N
103	2018-03-13	57	1	42.44	\N	\N	42.28	1000	encerrado	\N	\N	2018-03-13 21:46:08.810618	2018-03-13 21:46:08.810618	2018-03-13	\N
109	2015-05-04	3	1	7.52	\N	\N	8.56	100	encerrado	\N	\N	2018-04-04 23:46:38.721432	2018-04-05 00:03:54.754504	2016-06-20	\N
113	2016-02-18	6	1	4.60	\N	\N	9.28	100	encerrado	\N	\N	2018-04-05 00:01:28.577368	2018-04-05 00:04:43.333145	2016-06-20	\N
119	2016-09-30	10	1	6.16	\N	\N	6.16	1000	encerrado	\N	\N	2018-04-05 00:12:05.550989	2018-04-05 00:12:05.550989	2016-09-30	\N
126	2016-09-22	10	1	6.69	\N	\N	5.35	100	encerrado	\N	\N	2018-04-05 00:29:40.8949	2018-04-05 00:29:40.8949	2016-11-30	\N
129	2017-01-18	16	1	48.55	\N	\N	59.97	300	encerrado	\N	\N	2018-04-09 23:25:17.185056	2018-04-09 23:30:17.401934	2017-02-22	\N
132	2017-03-06	19	1	26.76	\N	\N	27.27	600	encerrado	\N	\N	2018-04-09 23:33:29.643334	2018-04-09 23:37:03.785009	2017-03-13	\N
117	2016-07-26	9	1	3.02	\N	\N	4.55	400	encerrado	\N	\N	2018-04-05 00:09:16.343962	2018-04-09 23:37:55.719982	2017-03-17	\N
107	2015-05-04	1	1	35.20	\N	\N	27.82	100	encerrado	\N	\N	2018-04-04 23:45:24.977541	2018-04-09 23:58:58.874402	2017-05-18	\N
128	2017-01-11	15	1	11.55	\N	\N	14.63	1000	encerrado	\N	\N	2018-04-09 23:24:13.231692	2018-04-10 00:00:49.486962	2017-05-18	\N
111	2015-05-05	5	1	9.60	\N	\N	8.47	300	encerrado	\N	\N	2018-04-04 23:51:42.768688	2018-04-10 00:02:49.946609	2017-05-18	\N
94	2018-02-22	16	1	84.85	\N	\N	67.35	100	encerrado	\N	\N	2018-02-24 12:02:50.724567	2018-04-19 00:49:50.189519	2018-04-03	\N
36	2017-10-13	18	1	20.59	\N	\N	21.57	1000	encerrado	\N	\N	2017-10-18 23:07:09.481182	2017-10-18 23:07:09.481182	2017-10-13	\N
38	2017-10-13	7	1	37.38	37.48	37.18	37.46	2000	encerrado	\N	\N	2017-10-18 23:08:56.345536	2017-10-18 23:08:56.345536	2017-10-13	\N
39	2017-10-17	17	1	8.19	8.32	8.19	8.19	1995	encerrado	\N	\N	2017-10-18 23:09:38.928455	2017-10-18 23:09:38.928455	2017-10-17	\N
33	2017-06-27	23	1	15.58	17.00	15.04	15.01	1000	encerrado	\N	\N	2017-10-04 00:54:19.452749	2017-10-22 20:52:57.220336	2017-07-07	\N
35	2017-06-26	55	1	10.10	11.00	9.60	11.00	1500	encerrado	\N	\N	2017-10-04 00:57:28.841669	2017-10-22 20:55:32.746884	2017-07-11	\N
34	2017-06-27	54	1	6.81	8.05	6.92	8.05	1500	encerrado	\N	\N	2017-10-04 00:55:53.888968	2017-10-22 21:02:56.463522	2017-08-07	\N
97	2018-02-27	28	1	6.28	\N	\N	6.05	2000	em_andamento	\N	\N	2018-02-27 23:23:22.039061	2018-04-19 01:08:57.439682	\N	\N
71	2017-12-21	68	1	35.80	\N	\N	36.75	400	encerrado	\N	\N	2017-12-22 16:15:56.408428	2018-02-26 23:37:13.777679	2018-02-26	\N
37	2017-10-13	18	1	20.59	\N	21.54	23.53	1000	encerrado	\N	\N	2017-10-18 23:08:01.089546	2018-02-21 00:21:54.868111	2018-02-21	\N
76	2018-01-03	71	1	44.00	\N	\N	52.00	400	encerrado	\N	\N	2018-01-06 12:40:16.214414	2018-01-22 22:22:11.611503	2018-01-22	\N
51	2017-11-10	62	1	33.75	\N	\N	36.62	400	encerrado	\N	\N	2017-11-15 15:46:49.670368	2018-01-31 22:31:39.226371	2018-01-29	\N
45	2017-10-27	56	1	11.81	\N	11.70	11.70	5000	encerrado	\N	\N	2017-11-06 22:37:08.137191	2017-11-06 22:37:08.137191	2017-10-27	\N
46	2017-10-30	58	1	2.80	\N	\N	2.57	1500	encerrado	\N	\N	2017-11-06 22:41:49.664138	2017-11-06 22:44:40.109707	2017-11-03	\N
50	2017-11-10	61	1	32.68	\N	\N	31.15	400	encerrado	\N	\N	2017-11-15 15:46:01.991341	2018-01-31 22:35:30.247121	2018-01-30	\N
54	2017-11-08	57	1	33.83	\N	\N	33.65	2000	encerrado	\N	\N	2017-11-15 15:52:21.860208	2017-11-15 15:52:21.860208	2017-11-08	\N
43	2017-11-06	36	1	7.28	\N	6.80	6.75	1000	encerrado	\N	\N	2017-11-06 22:28:27.302683	2017-11-15 15:55:43.901119	2017-11-07	\N
40	2017-10-20	6	1	16.32	18.48	15.07	16.58	800	encerrado	\N	\N	2017-10-22 21:24:06.952703	2017-11-15 15:56:24.501654	2017-11-07	\N
41	2017-10-23	6	1	16.27	\N	15.07	16.58	600	encerrado	\N	\N	2017-10-25 22:59:16.268114	2017-11-15 15:56:40.281059	2017-11-07	\N
47	2017-11-06	59	1	3.89	\N	\N	3.60	1200	encerrado	\N	\N	2017-11-06 22:42:19.612285	2017-11-15 15:56:59.387931	2017-11-07	\N
42	2017-11-06	56	1	10.88	13.54	10.05	10.05	1200	encerrado	\N	\N	2017-11-06 22:27:14.569554	2017-11-15 16:02:49.976639	2017-11-14	\N
55	2017-11-17	34	1	17.87	\N	\N	25.45	300	encerrado	\N	\N	2017-11-19 14:16:56.031539	2018-03-14 23:35:06.499327	2018-03-14	\N
101	2018-03-08	80	1	5.60	\N	\N	6.10	2000	encerrado	\N	\N	2018-03-12 23:22:27.407013	2018-03-19 22:09:23.389131	2018-03-19	\N
104	2018-03-19	79	1	17.65	\N	\N	17.87	2000	encerrado	\N	\N	2018-03-19 22:10:31.203235	2018-03-19 22:10:31.203235	2018-03-19	\N
70	2017-12-21	27	1	28.00	\N	\N	26.65	800	em_andamento	\N	\N	2017-12-22 16:13:44.111106	2018-04-19 01:08:56.145261	\N	\N
80	2018-01-15	16	1	79.89	\N	\N	67.35	200	encerrado	\N	\N	2018-01-15 23:43:32.403512	2018-04-19 00:50:11.142446	2018-04-03	\N
93	2018-02-22	77	1	3.82	\N	\N	3.22	3500	em_andamento	\N	\N	2018-02-22 01:16:42.525789	2018-04-19 01:08:58.358559	\N	\N
90	2018-02-19	56	1	16.28	\N	\N	17.34	1000	em_andamento	\N	\N	2018-02-19 23:53:16.586143	2018-04-19 01:08:59.282499	\N	\N
63	2017-12-06	67	1	49.40	\N	\N	54.31	300	encerrado	\N	\N	2017-12-07 22:59:00.558996	2018-03-07 01:14:59.828597	2018-03-07	\N
83	2018-01-30	24	1	92.00	\N	\N	86.50	80	encerrado	\N	\N	2018-01-31 22:36:21.682739	2018-02-15 22:19:51.668642	2018-02-06	\N
56	2017-11-17	63	1	59.05	\N	\N	74.33	400	encerrado	\N	\N	2017-11-19 14:20:25.265787	2018-02-15 22:27:32.420509	2018-02-09	\N
48	2017-11-13	60	1	10.90	\N	\N	10.59	500	encerrado	\N	\N	2017-11-15 15:42:17.752365	2017-12-07 22:48:31.93041	2017-12-01	\N
49	2017-11-10	60	1	10.68	\N	\N	10.59	900	encerrado	\N	\N	2017-11-15 15:43:13.86103	2017-12-07 22:48:47.733634	2017-12-01	\N
59	2017-11-28	41	1	7.20	\N	\N	6.62	1400	encerrado	\N	\N	2017-11-28 23:12:47.414201	2017-12-07 22:52:35.867281	2017-12-01	\N
61	2017-11-29	52	1	13.35	\N	\N	12.71	1100	encerrado	\N	\N	2017-12-07 22:53:55.622585	2017-12-07 22:53:55.622585	2017-11-29	\N
52	2017-11-10	19	1	32.90	\N	\N	29.35	400	encerrado	\N	\N	2017-11-15 15:47:35.631829	2017-12-22 16:03:22.901867	2017-12-13	\N
112	2016-02-04	6	1	4.49	\N	\N	9.28	100	encerrado	\N	\N	2018-04-04 23:59:44.359097	2018-04-05 00:05:32.731256	2016-06-20	\N
62	2017-12-07	24	1	68.24	\N	\N	100.20	200	encerrado	\N	\N	2017-12-07 22:58:03.626024	2018-01-15 23:38:07.396303	2018-01-09	\N
75	2018-01-02	70	1	6.98	\N	\N	7.82	1400	encerrado	\N	\N	2018-01-06 12:38:02.941878	2018-01-15 23:41:46.177358	2018-01-12	\N
58	2017-11-27	65	1	14.30	\N	\N	13.81	1000	encerrado	\N	\N	2017-11-27 23:30:59.127946	2018-02-24 12:06:05.36918	2018-02-23	\N
130	2017-02-08	17	1	7.30	\N	\N	7.37	1000	encerrado	\N	\N	2018-04-09 23:27:18.512723	2018-04-09 23:27:18.512723	2017-02-08	\N
127	2016-12-01	14	1	26.49	\N	\N	33.07	500	encerrado	\N	\N	2018-04-05 00:34:52.567207	2018-04-09 23:28:11.027385	2017-02-13	\N
44	2017-11-06	57	1	33.91	37.28	31.85	40.10	500	encerrado	\N	\N	2017-11-06 22:30:34.20937	2017-12-27 23:22:30.840669	2017-12-27	\N
131	2017-02-14	18	1	13.00	\N	\N	12.10	1200	encerrado	\N	\N	2018-04-09 23:29:01.963032	2018-04-09 23:31:06.772828	2017-02-23	\N
122	2016-11-08	12	1	10.05	\N	\N	11.28	500	encerrado	\N	\N	2018-04-05 00:16:17.404435	2018-04-09 23:32:08.926675	2017-03-06	\N
57	2017-11-21	4	1	65.20	\N	\N	69.93	300	encerrado	\N	\N	2017-11-22 22:43:57.053634	2018-04-19 00:53:55.259528	2018-04-04	\N
106	2018-03-22	56	1	15.90	\N	\N	17.34	400	em_andamento	\N	\N	2018-03-22 00:18:40.993325	2018-04-19 01:08:59.291636	\N	\N
85	2018-02-01	75	1	159.00	\N	\N	141.73	100	em_andamento	\N	\N	2018-02-04 16:04:16.543466	2018-04-19 01:09:00.201634	\N	\N
53	2017-11-09	6	1	16.90	\N	\N	20.27	1400	encerrado	\N	\N	2017-11-15 15:49:58.419962	2018-04-19 00:56:45.883848	2018-04-04	\N
118	2016-09-22	10	1	6.69	\N	\N	5.25	900	encerrado	\N	\N	2018-04-05 00:10:26.276224	2018-04-05 00:32:10.231324	2016-12-01	\N
87	2018-02-15	63	1	75.50	\N	\N	95.00	400	encerrado	\N	\N	2018-02-15 22:30:38.484458	2018-04-19 00:56:10.71698	2018-04-04	\N
123	2016-11-09	12	1	9.15	\N	\N	11.28	500	encerrado	\N	\N	2018-04-05 00:18:52.923201	2018-04-09 23:32:33.971933	2017-03-06	\N
115	2016-07-01	7	1	17.05	\N	\N	32.31	100	encerrado	\N	\N	2018-04-05 00:07:14.710624	2018-04-09 23:38:34.984568	2017-03-20	\N
134	2017-03-13	21	1	13.59	\N	\N	13.05	1000	encerrado	\N	\N	2018-04-09 23:35:21.894935	2018-04-09 23:39:04.393213	2017-03-20	\N
121	2016-10-24	11	1	15.86	\N	\N	16.87	600	encerrado	\N	\N	2018-04-05 00:15:15.332011	2018-04-09 23:40:42.806314	2017-04-03	\N
120	2016-10-19	11	1	15.63	\N	\N	16.87	400	encerrado	\N	\N	2018-04-05 00:14:10.895957	2018-04-09 23:41:08.433234	2017-04-03	\N
136	2017-03-13	23	1	15.25	\N	\N	14.29	1000	encerrado	\N	\N	2018-04-09 23:36:35.268449	2018-04-09 23:42:25.255279	2017-04-04	\N
139	2017-04-11	26	1	15.18	\N	\N	15.05	1500	encerrado	\N	\N	2018-04-09 23:44:55.262717	2018-04-09 23:44:55.262717	2017-04-11	\N
141	2017-04-13	14	1	26.46	\N	\N	26.24	800	encerrado	\N	\N	2018-04-09 23:46:55.293363	2018-04-09 23:46:55.293363	2017-04-13	\N
114	2016-06-20	1	1	28.00	\N	\N	27.02	100	encerrado	\N	\N	2018-04-05 00:06:17.940086	2018-04-09 23:58:37.28078	2017-05-18	\N
108	2015-05-04	2	1	41.55	\N	\N	21.11	100	encerrado	\N	\N	2018-04-04 23:46:01.136043	2018-04-09 23:59:28.370041	2017-05-18	\N
142	2017-04-17	28	1	5.86	\N	\N	5.40	2000	encerrado	\N	\N	2018-04-09 23:47:50.329019	2018-04-10 00:00:04.416485	2017-05-18	\N
144	2017-04-20	28	1	5.79	\N	\N	5.40	1300	encerrado	\N	\N	2018-04-09 23:49:30.720811	2018-04-10 00:00:24.823452	2017-05-18	\N
110	2015-05-04	4	1	31.74	\N	\N	50.20	100	encerrado	\N	\N	2018-04-04 23:47:21.351454	2018-04-10 00:01:14.655996	2017-05-18	\N
124	2016-11-30	13	1	6.00	\N	\N	3.86	1200	encerrado	\N	\N	2018-04-05 00:22:34.69753	2018-04-10 00:02:20.220867	2017-05-18	\N
116	2016-07-01	8	1	14.30	\N	\N	13.52	100	encerrado	\N	\N	2018-04-05 00:08:00.74451	2018-04-10 00:03:39.982459	2017-05-18	\N
146	2017-05-02	31	1	29.70	\N	\N	25.00	600	encerrado	\N	\N	2018-04-09 23:52:33.131581	2018-04-10 00:04:07.371357	2017-05-18	\N
138	2017-04-05	25	1	68.20	\N	\N	60.64	200	encerrado	\N	\N	2018-04-09 23:43:37.117439	2018-04-10 00:04:46.587127	2017-05-18	\N
135	2017-03-13	22	1	15.49	\N	\N	15.30	1000	encerrado	\N	\N	2018-04-09 23:35:59.261512	2018-04-10 00:05:11.800679	2017-05-18	\N
125	2016-11-30	6	1	16.03	\N	\N	13.10	900	encerrado	\N	\N	2018-04-05 00:23:20.718386	2018-04-10 00:05:48.171513	2017-05-18	\N
143	2017-04-19	29	1	18.45	\N	\N	18.80	600	encerrado	\N	\N	2018-04-09 23:48:45.026775	2018-04-10 00:06:16.166468	2017-05-18	\N
133	2017-03-10	20	1	27.49	\N	\N	29.52	500	encerrado	\N	\N	2018-04-09 23:34:23.165569	2018-04-09 23:50:09.839182	2017-04-27	\N
140	2017-04-13	27	1	44.32	\N	\N	52.00	400	encerrado	\N	\N	2018-04-09 23:46:00.648567	2018-04-09 23:51:00.84622	2017-04-28	\N
145	2017-05-02	30	1	39.86	\N	\N	38.67	400	encerrado	\N	\N	2018-04-09 23:51:56.862023	2018-04-09 23:53:23.005156	2017-05-05	\N
137	2017-03-29	24	1	41.00	\N	\N	41.35	200	encerrado	\N	\N	2018-04-09 23:40:00.12869	2018-04-09 23:56:39.304038	2017-05-10	\N
147	2017-05-09	81	1	30.01	\N	\N	32.55	500	encerrado	\N	\N	2018-04-09 23:55:31.271273	2018-04-10 00:01:48.693815	2017-05-18	\N
148	2017-05-10	71	1	35.18	\N	\N	32.95	500	encerrado	\N	\N	2018-04-09 23:56:13.529763	2018-04-09 23:57:21.430024	2017-05-16	\N
149	2017-06-07	6	1	13.31	\N	\N	12.97	1000	encerrado	\N	\N	2018-04-10 00:10:32.444285	2018-04-10 00:10:32.444285	2017-06-07	\N
150	2018-03-21	73	1	14.94	\N	\N	14.82	2000	encerrado	\N	\N	2018-04-17 22:03:49.156137	2018-04-17 22:03:49.156137	2018-03-21	\N
151	2018-03-22	56	1	15.78	\N	\N	15.36	2000	encerrado	\N	\N	2018-04-17 22:05:29.937444	2018-04-17 22:05:29.937444	2018-03-22	\N
152	2018-03-27	82	1	18.84	\N	\N	18.64	1000	encerrado	\N	\N	2018-04-17 22:08:52.580086	2018-04-17 22:08:52.580086	2018-03-27	\N
99	2018-03-01	79	1	17.43	\N	\N	18.28	3000	encerrado	\N	\N	2018-03-06 00:23:57.809558	2018-04-17 22:09:27.022319	2018-03-27	\N
154	2018-03-29	57	1	42.23	\N	\N	42.52	500	encerrado	\N	\N	2018-04-17 22:14:11.455737	2018-04-17 22:14:11.455737	2018-03-29	\N
155	2018-04-03	57	1	43.40	\N	\N	42.53	700	encerrado	\N	\N	2018-04-19 00:51:32.044732	2018-04-19 00:51:32.044732	2018-04-03	\N
156	2018-04-04	56	1	15.35	\N	\N	15.37	2000	encerrado	\N	\N	2018-04-19 00:55:02.31032	2018-04-19 00:55:02.31032	2018-04-04	\N
158	2018-04-05	56	1	15.89	\N	\N	15.91	1500	encerrado	\N	\N	2018-04-19 01:05:58.649879	2018-04-19 01:05:58.649879	2018-04-05	\N
157	2018-04-05	84	1	24.39	\N	\N	23.28	1000	encerrado	\N	\N	2018-04-19 01:05:12.852331	2018-04-19 01:06:42.120334	2018-04-06	\N
159	2018-04-06	56	1	16.27	\N	\N	16.18	1000	encerrado	\N	\N	2018-04-19 01:07:41.481569	2018-04-19 01:07:41.481569	2018-04-06	\N
153	2018-03-29	83	1	11.17	\N	\N	12.00	1000	em_andamento	\N	\N	2018-04-17 22:12:54.787809	2018-04-19 01:09:01.124553	\N	\N
160	2018-04-12	6	1	22.43	\N	\N	22.31	2000	encerrado	\N	\N	2018-04-26 00:00:30.458286	2018-04-26 00:00:30.458286	2018-04-12	\N
161	2018-04-13	48	1	26.88	\N	\N	26.88	600	em_andamento	\N	\N	2018-04-26 00:01:50.117522	2018-04-26 00:01:50.117522	\N	\N
162	2018-04-13	57	1	42.44	\N	\N	42.28	1000	encerrado	\N	\N	2018-04-26 00:03:57.159793	2018-04-26 00:03:57.159793	2018-04-13	\N
163	2018-03-19	48	1	26.77	\N	\N	26.77	400	em_andamento	\N	\N	2018-04-26 00:13:23.983582	2018-04-26 00:13:23.983582	\N	\N
164	2018-03-19	79	1	17.64	\N	\N	17.86	2000	encerrado	\N	\N	2018-04-26 00:15:07.174369	2018-04-26 00:15:07.174369	2018-03-19	\N
165	2018-04-10	85	1	29.24	\N	\N	29.24	500	em_andamento	\N	\N	2018-05-10 00:00:37.933774	2018-05-10 00:00:37.933774	\N	1
166	2018-04-11	62	1	43.47	\N	\N	43.47	400	em_andamento	\N	\N	2018-05-10 00:02:27.029934	2018-05-10 00:02:27.029934	\N	1
167	2018-04-11	30	1	51.08	\N	\N	51.08	200	em_andamento	\N	\N	2018-05-10 00:04:00.521206	2018-05-10 00:04:00.521206	\N	1
168	2018-04-11	14	1	44.85	\N	\N	44.85	700	em_andamento	\N	\N	2018-05-10 00:04:43.075244	2018-05-10 00:04:43.075244	\N	1
169	2018-04-12	2	1	19.76	\N	\N	19.78	1100	encerrado	\N	\N	2018-05-10 00:09:20.256829	2018-05-10 00:09:20.256829	2018-04-12	1
170	2018-04-12	79	1	18.35	\N	\N	18.35	1200	em_andamento	\N	\N	2018-05-10 00:10:41.67176	2018-05-10 00:10:41.67176	\N	1
171	2018-04-13	55	1	9.64	\N	\N	9.64	1300	em_andamento	\N	\N	2018-05-10 00:13:04.224782	2018-05-10 00:13:04.224782	\N	1
172	2018-04-16	36	1	9.15	\N	\N	9.15	1400	em_andamento	\N	\N	2018-05-10 00:13:53.860349	2018-05-10 00:13:53.860349	\N	1
\.


--
-- Name: carteiras_id_seq; Type: SEQUENCE SET; Schema: public; Owner: thiagopontes
--

SELECT pg_catalog.setval('carteiras_id_seq', 172, true);


--
-- Data for Name: corretoras; Type: TABLE DATA; Schema: public; Owner: thiagopontes
--

COPY corretoras (id, nome, created_at, updated_at) FROM stdin;
1	XP Investimentos	2018-05-09 23:35:32.728468	2018-05-09 23:35:32.728468
2	Banco do Brasil	2018-05-09 23:35:40.966683	2018-05-09 23:35:40.966683
\.


--
-- Name: corretoras_id_seq; Type: SEQUENCE SET; Schema: public; Owner: thiagopontes
--

SELECT pg_catalog.setval('corretoras_id_seq', 2, true);


--
-- Data for Name: empresas; Type: TABLE DATA; Schema: public; Owner: thiagopontes
--

COPY empresas (id, nome, ticker, created_at, updated_at) FROM stdin;
1	BB SEGURIDADE	BBSE3	2017-10-03 23:14:52.698234	2017-10-03 23:14:52.698234
2	CIELO	CIEL3	2017-10-03 23:14:52.707363	2017-10-03 23:14:52.707363
3	ELETROBRAS	ELET3	2017-10-03 23:14:52.715457	2017-10-03 23:14:52.715457
4	EQUATORIAL	EQTL3	2017-10-03 23:14:52.729262	2017-10-03 23:14:52.729262
5	ITAUSA	ITSA3	2017-10-03 23:14:52.744186	2017-10-03 23:14:52.744186
6	PETROBRAS	PETR4	2017-10-03 23:14:52.752851	2017-10-03 23:14:52.752851
7	BANCO DO BRASIL	BBAS3	2017-10-03 23:14:52.766382	2017-10-03 23:14:52.766382
8	KROTON	KROT3	2017-10-03 23:14:52.780794	2017-10-03 23:14:52.780794
9	USIMINAS	USIM5	2017-10-03 23:14:52.788972	2017-10-03 23:14:52.788972
10	GOL	GOLL4	2017-10-03 23:14:52.802456	2017-10-03 23:14:52.802456
11	EMBRAER	EMBR3	2017-10-03 23:14:52.807648	2017-10-03 23:14:52.807648
12	JBS	JBSS3	2017-10-03 23:14:52.810272	2017-10-03 23:14:52.810272
13	GERDAU	GOAU4	2017-10-03 23:14:52.812507	2017-10-03 23:14:52.812507
14	VALE	VALE5	2017-10-03 23:14:52.814803	2017-10-03 23:14:52.814803
17	MOVIDA	MOVI3	2017-10-03 23:14:52.838752	2017-10-03 23:14:52.838752
18	B2W DIGITAL	BTOW3	2017-10-03 23:14:52.852861	2017-10-03 23:14:52.852861
19	TOTVS	TOTS3	2017-10-03 23:14:52.861083	2017-10-03 23:14:52.861083
20	NATURA	NATU3	2017-10-03 23:14:52.874848	2017-10-03 23:14:52.874848
21	CYRELA	CYRE3	2017-10-03 23:14:52.877289	2017-10-03 23:14:52.877289
22	IOCHP-MAXION	MYPK3	2017-10-03 23:14:52.891162	2017-10-03 23:14:52.891162
23	TUPY	TUPY3	2017-10-03 23:14:52.899716	2017-10-03 23:14:52.899716
24	PETRORIO	PRIO3	2017-10-03 23:14:52.913098	2017-10-03 23:14:52.913098
25	MULTIPLAN	MULT3	2017-10-03 23:14:52.927515	2017-10-03 23:14:52.927515
26	KLABIN	KLBN11	2017-10-03 23:14:52.935964	2017-10-03 23:14:52.935964
27	FLEURY	FLRY3	2017-10-03 23:14:52.943265	2017-10-03 23:14:52.943265
28	DIRECIONAL	DIRR3	2017-10-03 23:14:52.946389	2017-10-03 23:14:52.946389
29	SLC AGRICOLA	SLCE3	2017-10-03 23:14:52.949068	2017-10-03 23:14:52.949068
30	ITAU UNIBANCO	ITUB4	2017-10-03 23:14:52.951349	2017-10-03 23:14:52.951349
31	LOJAS RENNER	LREN3	2017-10-03 23:14:52.953672	2017-10-03 23:14:52.953672
32	ALPARGATAS SA PREFERENCE SHARES	ALPA4	2017-10-03 23:45:18.607005	2017-10-03 23:45:18.607005
33	TEGMA GESTAO LOGISTICA SA	TGMA3	2017-10-03 23:45:18.622012	2017-10-03 23:45:18.622012
34	CONSTRUTORA TENDA SA	TEND3	2017-10-03 23:45:18.624574	2017-10-03 23:45:18.624574
35	COMPANHIA DE FERRO LIGAS DA BAH FRBS PREFERENCE SHARES	FESA4	2017-10-03 23:45:18.632298	2017-10-03 23:45:18.632298
36	INDUSTRIAS ROMI SA	ROMI3	2017-10-03 23:45:18.64071	2017-10-03 23:45:18.64071
37	PROFARMA DISTRIBUIDORA DE PRODUTS FRM SA	PFRM3	2017-10-03 23:45:18.649076	2017-10-03 23:45:18.649076
38	MAGNESITA REFRATARIOS SA	MAGG3	2017-10-03 23:45:18.651519	2017-10-03 23:45:18.651519
39	COSAN LOGISTICA SA	RLOG3	2017-10-03 23:45:18.653719	2017-10-03 23:45:18.653719
40	PORTOBELLO S.A.	PTBL3	2017-10-03 23:45:18.656111	2017-10-03 23:45:18.656111
41	COMPANHIA ENERGETICA DE MINAS GERS CEMIG PREFERENCE SHARES	CMIG4	2017-10-03 23:45:18.664132	2017-10-03 23:45:18.664132
42	VALID SOLUCOES E SERVICOS DE SEGURANCA	VLID3	2017-10-03 23:45:18.672435	2017-10-03 23:45:18.672435
43	COMPANHIA ENERGéTICA DE SãO PAULO	CESP6	2017-10-03 23:45:18.68209	2017-10-03 23:45:18.68209
44	COMPANHIA HERING	HGTX3	2017-10-03 23:45:18.684769	2017-10-03 23:45:18.684769
45	BANCO SANTANDER BRASIL SA BRAZILIAN UNITS	SANB11	2017-10-03 23:45:18.687087	2017-10-03 23:45:18.687087
46	TIM PARTICIPACOES SA	TIMP3	2017-10-04 00:29:24.971285	2017-10-04 00:29:24.971285
47	BANRISUL	BRSR6	2017-10-04 00:32:18.52979	2017-10-04 00:32:18.52979
48	GAEC EDUCAçãO SA	ANIM3	2017-10-04 00:34:16.940258	2017-10-04 00:34:16.940258
49	MULTIPLUS SA	MPLU3	2017-10-04 00:38:55.204975	2017-10-04 00:38:55.204975
50	MILLS ESTRUTURAS SERVICOS	MILS3	2017-10-04 00:45:06.209588	2017-10-04 00:45:06.209588
51	MRV ENGENHARIA E PARTICIPACOES SA	MRVE3	2017-10-04 00:47:05.497905	2017-10-04 00:47:05.497905
52	RUMO SA	RAIL3	2017-10-04 00:49:15.793792	2017-10-04 00:49:15.793792
53	IGUATEMI EMPRESA DE SHOPPING CENTERS SA	IGTA3	2017-10-04 00:52:28.323242	2017-10-04 00:52:28.323242
54	COMPANHIA SIDERURGICA NACIONAL	CSNA3	2017-10-04 00:55:03.349037	2017-10-04 00:55:03.349037
55	ECORODOVIAS INFRAESTRUTURA E LOGISTIC SA	ECOR3	2017-10-04 00:56:39.146498	2017-10-04 00:56:39.146498
56	GERDAU S.A	GGBR4	2017-11-06 22:25:27.152986	2017-11-06 22:25:27.152986
57	VALE	VALE3	2017-11-06 22:29:20.069208	2017-11-06 22:29:20.069208
58	UNICASA INDUSTRIA DE MOVEIS S/A	UCAS3	2017-11-06 22:39:15.106212	2017-11-06 22:39:15.106212
59	TPI TRIUNFO PARTICIPACOES E INVEST. SA	TPIS3	2017-11-06 22:39:15.109665	2017-11-06 22:39:15.109665
60	COMPANHIA DE SANEAMENTO DO PARANA SANEPAR 	SAPR4	2017-11-15 15:40:19.474114	2017-11-15 15:40:19.474114
61	INSTITUTO HERMES PARDINI SA	PARD3	2017-11-15 15:45:03.000794	2017-11-15 15:45:03.000794
62	IRB BRASIL RESSEGUROS SA	IRBR3	2017-11-15 15:45:03.004402	2017-11-15 15:45:03.004402
63	MAGAZINE LUIZA	MGLU3	2017-11-19 14:19:31.161026	2017-11-22 22:36:38.517703
65	ENEVA SA	ENEV3	2017-11-27 23:28:47.656011	2017-11-27 23:33:53.595168
15	ELETROPAULO	ELPL3	2017-10-03 23:14:52.817365	2017-11-27 23:38:13.256197
66	WEG S.A.	WEGE3	2017-12-07 22:56:51.674438	2017-12-07 22:56:51.674438
67	M. DIAS BRANCO	MDIA3	2017-12-07 22:56:51.685294	2017-12-07 22:56:51.685294
68	HYPERMARCAS	HYPE3	2017-12-22 16:15:24.396823	2017-12-22 16:15:24.396823
69	RANDON SA IMPLEMENTOS E PARTICIPACOES PREFERENCE SHARES	RAPT4	2017-12-22 16:15:24.401876	2017-12-22 16:15:24.401876
70	SCHULZ S.A	SHUL4	2018-01-06 12:35:16.20633	2018-01-06 12:35:16.20633
71	BRASKEM S.A	BRKM5	2018-01-06 12:39:33.884843	2018-01-06 12:39:33.884843
72	BK BRASIL OPERACAO E ASSESSORIA A RESTAURANTES SA	BKBR3	2018-01-16 00:09:56.422078	2018-01-16 00:09:56.422078
73	LIGHT	LIGT3	2018-01-31 22:33:16.545745	2018-01-31 22:33:16.545745
74	BR MALLS PARTICIPACOES SA	BRML3	2018-01-31 22:38:11.065087	2018-01-31 22:38:11.065087
75	GUARARAPES CONFECCOES SA	GUAR3	2018-02-04 15:54:26.032693	2018-02-04 15:54:26.032693
76	BRADESPAR SA PREFERENCE SHARES	BRAP4	2018-02-15 22:28:58.159061	2018-02-15 22:28:58.159061
77	SANTOS BRASIL PARTICIPACOES SA	STBP3	2018-02-22 01:16:05.413509	2018-02-22 01:16:05.413509
16	SMILES	SMLS3	2017-10-03 23:14:52.825132	2018-02-22 01:20:57.025742
78	PETROBRAS DISTRIBUIDORA SA PN	BRDT3	2018-02-24 12:07:01.989477	2018-02-24 12:07:01.989477
79	LOJAS AMERICANAS SA PREFERENCE SHARES	LAME4	2018-03-06 00:23:11.301585	2018-03-06 00:23:11.301585
80	TRISUL SA	TRIS3	2018-03-12 23:17:50.380364	2018-03-12 23:17:50.380364
81	FIBRIA CELULOSE SA	FIBR3	2018-04-09 23:54:34.525435	2018-04-09 23:54:34.525435
82	ALIANSCE SHOPPING CENTERS SA	ALSC3	2018-04-17 22:07:51.775443	2018-04-17 22:07:51.775443
83	QGEP PARTICIPACOES SA	QGEP3	2018-04-17 22:11:46.765043	2018-04-17 22:11:46.765043
84	AMBEV SA	ABEV3	2018-04-19 01:04:26.117473	2018-04-19 01:04:26.117473
85	LOCALIZA RENT A CAR SA	RENT3	2018-05-09 23:54:29.176971	2018-05-09 23:54:29.176971
\.


--
-- Name: empresas_id_seq; Type: SEQUENCE SET; Schema: public; Owner: thiagopontes
--

SELECT pg_catalog.setval('empresas_id_seq', 85, true);


--
-- Data for Name: papers; Type: TABLE DATA; Schema: public; Owner: thiagopontes
--

COPY papers (id, name, code, created_at, updated_at) FROM stdin;
\.


--
-- Name: papers_id_seq; Type: SEQUENCE SET; Schema: public; Owner: thiagopontes
--

SELECT pg_catalog.setval('papers_id_seq', 1, false);


--
-- Data for Name: schema_migrations; Type: TABLE DATA; Schema: public; Owner: thiagopontes
--

COPY schema_migrations (version) FROM stdin;
20161024223713
20161108222618
20161108222942
20170908233047
20170908234612
20171004230003
20180226235117
20180509233206
20180509233238
\.


--
-- Data for Name: users; Type: TABLE DATA; Schema: public; Owner: thiagopontes
--

COPY users (id, email, encrypted_password, reset_password_token, reset_password_sent_at, remember_created_at, sign_in_count, current_sign_in_at, last_sign_in_at, current_sign_in_ip, last_sign_in_ip, confirmation_token, confirmed_at, confirmation_sent_at, unconfirmed_email, failed_attempts, unlock_token, locked_at, created_at, updated_at, filtro_da_carteira) FROM stdin;
1	tnevesp@gmail.com	$2a$11$/tEdLHp62d7lX0l.5wwUR.PwFATSMsSV/efVJsIfRRIRbhg5B5FvG	\N	\N	\N	69	2018-05-09 23:30:48.199324	2018-04-25 23:53:56.328727	::1	::1	\N	2017-11-15 00:00:00	\N	\N	0	\N	\N	2017-10-03 23:14:52.676574	2018-05-09 23:30:48.209964	"{}"
\.


--
-- Name: users_id_seq; Type: SEQUENCE SET; Schema: public; Owner: thiagopontes
--

SELECT pg_catalog.setval('users_id_seq', 1, true);


--
-- Data for Name: wallets; Type: TABLE DATA; Schema: public; Owner: thiagopontes
--

COPY wallets (id, paper_id, user_id, purchased_price, quantity, purchased_at, sold_at, sold_price, status, created_at, updated_at) FROM stdin;
\.


--
-- Name: wallets_id_seq; Type: SEQUENCE SET; Schema: public; Owner: thiagopontes
--

SELECT pg_catalog.setval('wallets_id_seq', 1, false);


--
-- Name: ar_internal_metadata_pkey; Type: CONSTRAINT; Schema: public; Owner: thiagopontes
--

ALTER TABLE ONLY ar_internal_metadata
    ADD CONSTRAINT ar_internal_metadata_pkey PRIMARY KEY (key);


--
-- Name: carteiras_pkey; Type: CONSTRAINT; Schema: public; Owner: thiagopontes
--

ALTER TABLE ONLY carteiras
    ADD CONSTRAINT carteiras_pkey PRIMARY KEY (id);


--
-- Name: corretoras_pkey; Type: CONSTRAINT; Schema: public; Owner: thiagopontes
--

ALTER TABLE ONLY corretoras
    ADD CONSTRAINT corretoras_pkey PRIMARY KEY (id);


--
-- Name: empresas_pkey; Type: CONSTRAINT; Schema: public; Owner: thiagopontes
--

ALTER TABLE ONLY empresas
    ADD CONSTRAINT empresas_pkey PRIMARY KEY (id);


--
-- Name: papers_pkey; Type: CONSTRAINT; Schema: public; Owner: thiagopontes
--

ALTER TABLE ONLY papers
    ADD CONSTRAINT papers_pkey PRIMARY KEY (id);


--
-- Name: schema_migrations_pkey; Type: CONSTRAINT; Schema: public; Owner: thiagopontes
--

ALTER TABLE ONLY schema_migrations
    ADD CONSTRAINT schema_migrations_pkey PRIMARY KEY (version);


--
-- Name: users_pkey; Type: CONSTRAINT; Schema: public; Owner: thiagopontes
--

ALTER TABLE ONLY users
    ADD CONSTRAINT users_pkey PRIMARY KEY (id);


--
-- Name: wallets_pkey; Type: CONSTRAINT; Schema: public; Owner: thiagopontes
--

ALTER TABLE ONLY wallets
    ADD CONSTRAINT wallets_pkey PRIMARY KEY (id);


--
-- Name: index_carteiras_on_corretora_id; Type: INDEX; Schema: public; Owner: thiagopontes
--

CREATE INDEX index_carteiras_on_corretora_id ON carteiras USING btree (corretora_id);


--
-- Name: index_carteiras_on_empresa_id; Type: INDEX; Schema: public; Owner: thiagopontes
--

CREATE INDEX index_carteiras_on_empresa_id ON carteiras USING btree (empresa_id);


--
-- Name: index_carteiras_on_user_id; Type: INDEX; Schema: public; Owner: thiagopontes
--

CREATE INDEX index_carteiras_on_user_id ON carteiras USING btree (user_id);


--
-- Name: index_users_on_confirmation_token; Type: INDEX; Schema: public; Owner: thiagopontes
--

CREATE UNIQUE INDEX index_users_on_confirmation_token ON users USING btree (confirmation_token);


--
-- Name: index_users_on_email; Type: INDEX; Schema: public; Owner: thiagopontes
--

CREATE UNIQUE INDEX index_users_on_email ON users USING btree (email);


--
-- Name: index_users_on_filtro_da_carteira; Type: INDEX; Schema: public; Owner: thiagopontes
--

CREATE INDEX index_users_on_filtro_da_carteira ON users USING gin (filtro_da_carteira);


--
-- Name: index_users_on_reset_password_token; Type: INDEX; Schema: public; Owner: thiagopontes
--

CREATE UNIQUE INDEX index_users_on_reset_password_token ON users USING btree (reset_password_token);


--
-- Name: index_users_on_unlock_token; Type: INDEX; Schema: public; Owner: thiagopontes
--

CREATE UNIQUE INDEX index_users_on_unlock_token ON users USING btree (unlock_token);


--
-- Name: index_wallets_on_paper_id; Type: INDEX; Schema: public; Owner: thiagopontes
--

CREATE INDEX index_wallets_on_paper_id ON wallets USING btree (paper_id);


--
-- Name: index_wallets_on_user_id; Type: INDEX; Schema: public; Owner: thiagopontes
--

CREATE INDEX index_wallets_on_user_id ON wallets USING btree (user_id);


--
-- Name: fk_rails_614cd1232f; Type: FK CONSTRAINT; Schema: public; Owner: thiagopontes
--

ALTER TABLE ONLY carteiras
    ADD CONSTRAINT fk_rails_614cd1232f FOREIGN KEY (empresa_id) REFERENCES empresas(id);


--
-- Name: fk_rails_6f9ca9eb11; Type: FK CONSTRAINT; Schema: public; Owner: thiagopontes
--

ALTER TABLE ONLY carteiras
    ADD CONSTRAINT fk_rails_6f9ca9eb11 FOREIGN KEY (corretora_id) REFERENCES corretoras(id);


--
-- Name: fk_rails_732f6628c4; Type: FK CONSTRAINT; Schema: public; Owner: thiagopontes
--

ALTER TABLE ONLY wallets
    ADD CONSTRAINT fk_rails_732f6628c4 FOREIGN KEY (user_id) REFERENCES users(id);


--
-- Name: fk_rails_dc556508aa; Type: FK CONSTRAINT; Schema: public; Owner: thiagopontes
--

ALTER TABLE ONLY wallets
    ADD CONSTRAINT fk_rails_dc556508aa FOREIGN KEY (paper_id) REFERENCES papers(id);


--
-- Name: fk_rails_de49e3f2ea; Type: FK CONSTRAINT; Schema: public; Owner: thiagopontes
--

ALTER TABLE ONLY carteiras
    ADD CONSTRAINT fk_rails_de49e3f2ea FOREIGN KEY (user_id) REFERENCES users(id);


--
-- Name: public; Type: ACL; Schema: -; Owner: thiagopontes
--

REVOKE ALL ON SCHEMA public FROM PUBLIC;
REVOKE ALL ON SCHEMA public FROM thiagopontes;
GRANT ALL ON SCHEMA public TO thiagopontes;
GRANT ALL ON SCHEMA public TO PUBLIC;


--
-- PostgreSQL database dump complete
--

